level	item_id	field	problem	value	line_no
ERROR	P2004-0001	__row__	too_few_fields_expected_8_got_6	P2004-0001|Lenin.htm|http://perpetrator2004.narod.ru/Lenin.htm|Ленин|yes|no	2
ERROR	-	__row__	too_few_fields_expected_8_got_3	|internal|data/perpetrator2004/raw/mirror/Lenin.htm	3
ERROR	P2004-0002	__row__	too_few_fields_expected_8_got_6	P2004-0002|Kirov_Links.htm|http://perpetrator2004.narod.ru/Kirov_Links.htm|Убийство Кирова|yes|no	4
ERROR	-	__row__	too_few_fields_expected_8_got_3	|internal|data/perpetrator2004/raw/mirror/Kirov_Links.htm	5
ERROR	P2004-0003	__row__	too_few_fields_expected_8_got_6	P2004-0003|documents/Yezhov/Yezhov.htm|http://perpetrator2004.narod.ru/documents/Yezhov/Yezhov.htm|Ежов|yes|no	6
ERROR	-	__row__	too_few_fields_expected_8_got_3	|internal|data/perpetrator2004/raw/mirror/documents/Yezhov/Yezhov.htm	7
ERROR	P2004-0004	__row__	too_few_fields_expected_8_got_6	P2004-0004|Yagoda_Links.htm|http://perpetrator2004.narod.ru/Yagoda_Links.htm|Ягода|yes|no	8
ERROR	-	__row__	too_few_fields_expected_8_got_3	|internal|data/perpetrator2004/raw/mirror/Yagoda_Links.htm	9
ERROR	P2004-0005	__row__	too_few_fields_expected_8_got_6	P2004-0005|Show_Trials_Links.htm|http://perpetrator2004.narod.ru/Show_Trials_Links.htm|Московские показательные процессы|yes|no	10
ERROR	-	__row__	too_few_fields_expected_8_got_3	|internal|data/perpetrator2004/raw/mirror/Show_Trials_Links.htm	11
ERROR	P2004-0006	__row__	too_few_fields_expected_8_got_6	P2004-0006|Kremlin_Affair.htm|http://perpetrator2004.narod.ru/Kremlin_Affair.htm|Кремлевское дело|yes|no	12
ERROR	-	__row__	too_few_fields_expected_8_got_3	|internal|data/perpetrator2004/raw/mirror/Kremlin_Affair.htm	13
ERROR	P2004-0007	__row__	too_few_fields_expected_8_got_6	P2004-0007|Bukharin.htm|http://perpetrator2004.narod.ru/Bukharin.htm|Бухарин|yes|no	14
ERROR	-	__row__	too_few_fields_expected_8_got_3	|internal|data/perpetrator2004/raw/mirror/Bukharin.htm	15
ERROR	P2004-0008	__row__	too_few_fields_expected_8_got_6	P2004-0008|Tukhachevsky.htm|http://perpetrator2004.narod.ru/Tukhachevsky.htm|Дело Тухачевского|yes|no	16
ERROR	-	__row__	too_few_fields_expected_8_got_3	|internal|data/perpetrator2004/raw/mirror/Tukhachevsky.htm	17
ERROR	P2004-0009	__row__	too_few_fields_expected_8_got_6	P2004-0009|Great_Terror.htm|http://perpetrator2004.narod.ru/Great_Terror.htm|Большой террор|yes|no	18
ERROR	-	__row__	too_few_fields_expected_8_got_3	|internal|data/perpetrator2004/raw/mirror/Great_Terror.htm	19
ERROR	P2004-0010	__row__	too_few_fields_expected_8_got_6	P2004-0010|DoctorsPlot.htm|http://perpetrator2004.narod.ru/DoctorsPlot.htm|Дело врачей|yes|no	20
ERROR	-	__row__	too_few_fields_expected_8_got_3	|internal|data/perpetrator2004/raw/mirror/DoctorsPlot.htm	21
ERROR	P2004-0011	__row__	too_few_fields_expected_8_got_6	P2004-0011|Leningrad_Affair.htm|http://perpetrator2004.narod.ru/Leningrad_Affair.htm|Ленинградское дело|yes|no	22
ERROR	-	__row__	too_few_fields_expected_8_got_3	|internal|data/perpetrator2004/raw/mirror/Leningrad_Affair.htm	23
ERROR	P2004-0012	__row__	too_few_fields_expected_8_got_6	P2004-0012|Khrushchev.htm|http://perpetrator2004.narod.ru/Khrushchev.htm|Хрущев|yes|no	24
ERROR	-	__row__	too_few_fields_expected_8_got_3	|internal|data/perpetrator2004/raw/mirror/Khrushchev.htm	25
ERROR	P2004-0013	__row__	too_few_fields_expected_8_got_6	P2004-0013|Books.htm|http://perpetrator2004.narod.ru/Books.htm|Книги|yes|no	26
ERROR	-	__row__	too_few_fields_expected_8_got_3	|internal|data/perpetrator2004/raw/mirror/Books.htm	27
ERROR	P2004-0014	__row__	too_few_fields_expected_8_got_6	P2004-0014|http://www.showtrials.ru/|http://www.showtrials.ru/|WWW.SHOWTRIALS.RU|no|yes	28
ERROR	-	__row__	too_few_fields_expected_8_got_3	|internal|data/perpetrator2004/raw/mirror/external/showtrials/	29
ERROR	P2004-0015	__row__	too_few_fields_expected_8_got_6	P2004-0015|http://perpetrator2004.narod.ru/documents/Bukharin/Serovs_Letter_re_Bukharin_Trial.doc|http://perpetrator2004.narod.ru/documents/Bukharin/Serovs_Letter_re_Bukharin_Trial.doc|Справка председателя КГБ при СМ СССР И.А. Серова о процессе по делу «антисоветского право-троцкистского блока»|no|yes	30
ERROR	-	__row__	too_few_fields_expected_8_got_3	|internal|data/perpetrator2004/raw/mirror/documents/Bukharin/Serovs_Letter_re_Bukharin_Trial.doc	31
ERROR	P2004-0016	__row__	too_few_fields_expected_8_got_6	P2004-0016|documents/kirov/TheUnknownKirov.doc|http://perpetrator2004.narod.ru/documents/kirov/TheUnknownKirov.doc|Алла Кирилина. «Неизвестный Киров», Олма-Пресс, 2002|no|no	32
ERROR	-	__row__	too_few_fields_expected_8_got_3	|internal|data/perpetrator2004/raw/mirror/documents/kirov/TheUnknownKirov.doc	33
ERROR	P2004-0017	__row__	too_few_fields_expected_8_got_6	P2004-0017|documents/kirov/Roslakov1.doc|http://perpetrator2004.narod.ru/documents/kirov/Roslakov1.doc|Михаил Росляков. «Убийство Кирова. Политические и уголовные преступления в 30-х годах»|no|no	34
ERROR	-	__row__	too_few_fields_expected_8_got_3	|internal|data/perpetrator2004/raw/mirror/documents/kirov/Roslakov1.doc	35
ERROR	P2004-0018	__row__	too_few_fields_expected_8_got_6	P2004-0018|documents/Bukharin/Plea_For_Pardon.doc|http://perpetrator2004.narod.ru/documents/Bukharin/Plea_For_Pardon.doc|Прошения Н.И. Бухарина о помиловании|no|no	36
ERROR	-	__row__	too_few_fields_expected_8_got_3	|internal|data/perpetrator2004/raw/mirror/documents/Bukharin/Plea_For_Pardon.doc	37
ERROR	P2004-0019	__row__	too_few_fields_expected_8_got_6	P2004-0019|documents/Khrushchev/Speech3WritCongr.doc|http://perpetrator2004.narod.ru/documents/Khrushchev/Speech3WritCongr.doc|Речь Н.С. Хрущева на III съезде писателей СССР, 22 мая 1959 г.|no|no	38
ERROR	-	__row__	too_few_fields_expected_8_got_3	|internal|data/perpetrator2004/raw/mirror/documents/Khrushchev/Speech3WritCongr.doc	39
ERROR	P2004-0020	__row__	too_few_fields_expected_8_got_6	P2004-0020|documents/DoctorsPlot/StalinDocsDP.doc|http://perpetrator2004.narod.ru/documents/DoctorsPlot/StalinDocsDP.doc|Документы о личном участии И.В. Сталина в создании и расследовании «дела врачей»|no|no	40
ERROR	-	__row__	too_few_fields_expected_8_got_3	|internal|data/perpetrator2004/raw/mirror/documents/DoctorsPlot/StalinDocsDP.doc	41
ERROR	P2004-0021	__row__	too_few_fields_expected_8_got_6	P2004-0021|documents/Yezhov/YezhovQuiz26Apr1939.doc|http://perpetrator2004.narod.ru/documents/Yezhov/YezhovQuiz26Apr1939.doc|Сообщение Л.П. Берии И.В. Сталину о Н.И. Ежове с приложением протокола допроса|no|no	42
ERROR	-	__row__	too_few_fields_expected_8_got_3	|internal|data/perpetrator2004/raw/mirror/documents/Yezhov/YezhovQuiz26Apr1939.doc	43
ERROR	P2004-0022	__row__	too_few_fields_expected_8_got_6	P2004-0022|documents/Khrushchev/Khrushchev19May1957.doc|http://perpetrator2004.narod.ru/documents/Khrushchev/Khrushchev19May1957.doc|Стенограмма встречи руководителей КПСС и советского правительства с писателями, художниками, скульпторами и композиторами 19 мая 1957 г.|no|no	44
ERROR	-	__row__	too_few_fields_expected_8_got_3	|internal|data/perpetrator2004/raw/mirror/documents/Khrushchev/Khrushchev19May1957.doc	45
ERROR	P2004-0023	__row__	too_few_fields_expected_8_got_6	P2004-0023|/documents/Khrushchev/Maniege1962.doc|http://perpetrator2004.narod.ru/documents/Khrushchev/Maniege1962.doc|Стенограмма присутствия Н.С. Хрущева на выставке художников-авангардистов 1 декабря 1962 г.|no|no	46
ERROR	-	__row__	too_few_fields_expected_8_got_3	|internal|data/perpetrator2004/raw/mirror/documents/Khrushchev/Maniege1962.doc	47
ERROR	P2004-0024	__row__	too_few_fields_expected_8_got_6	P2004-0024|/documents/Khrushchev/Khrushchev13May1957.doc|http://perpetrator2004.narod.ru/documents/Khrushchev/Khrushchev13May1957.doc|Выступление Н.С. Хрущева на совещании писателей в ЦК КПСС 13 мая 1957 г.|no|no	48
ERROR	-	__row__	too_few_fields_expected_8_got_3	|internal|data/perpetrator2004/raw/mirror/documents/Khrushchev/Khrushchev13May1957.doc	49
ERROR	P2004-0025	__row__	too_few_fields_expected_8_got_6	P2004-0025|/documents/Khrushchev/Speech16March1948.doc|http://perpetrator2004.narod.ru/documents/Khrushchev/Speech16March1948.doc|Из выступления Н.С. Хрущева на совещании писателей, композиторов и художников, созванном ЦК КП(б)У|no|no	50
ERROR	-	__row__	too_few_fields_expected_8_got_3	|internal|data/perpetrator2004/raw/mirror/documents/Khrushchev/Speech16March1948.doc	51
ERROR	P2004-0026	__row__	too_few_fields_expected_8_got_6	P2004-0026|documents/Bukharin/Bukharin_Letter_April15_1937.doc|http://perpetrator2004.narod.ru/documents/Bukharin/Bukharin_Letter_April15_1937.doc|Письмо Н.И. Бухарина И.В. Сталину от 15 апреля 1937 г. из внутренней тюрьмы НКВД|no|no	52
ERROR	-	__row__	too_few_fields_expected_8_got_3	|internal|data/perpetrator2004/raw/mirror/documents/Bukharin/Bukharin_Letter_April15_1937.doc	53
ERROR	P2004-0027	__row__	too_few_fields_expected_8_got_6	P2004-0027|/documents/Khrushchev/Meeting_with_Intelligentsia.doc|http://perpetrator2004.narod.ru/documents/Khrushchev/Meeting_with_Intelligentsia.doc|Стенограмма встречи руководителей КПСС и советского правительства с деятелями литературы и искусства.|no|no	54
ERROR	-	__row__	too_few_fields_expected_8_got_3	|internal|data/perpetrator2004/raw/mirror/documents/Khrushchev/Meeting_with_Intelligentsia.doc	55
ERROR	P2004-0028	__row__	too_few_fields_expected_8_got_6	P2004-0028|documents/Kremlin_Affair/Kremlin_Affair_Memorandum.doc|http://perpetrator2004.narod.ru/documents/Kremlin_Affair/Kremlin_Affair_Memorandum.doc|Справка Прокуратуры СССР и КГБ СССР о так называемом «Кремлевском деле»|no|no	56
ERROR	-	__row__	too_few_fields_expected_8_got_3	|internal|data/perpetrator2004/raw/mirror/documents/Kremlin_Affair/Kremlin_Affair_Memorandum.doc	57
ERROR	P2004-0029	__row__	too_few_fields_expected_8_got_6	P2004-0029|documents/Yezhov/Yezhov1.doc|http://perpetrator2004.narod.ru/documents/Yezhov/Yezhov1.doc|Заявление об отставке в Политбюро ЦК ВКП(б) от 23 ноября 1938 года. Выписка из решений Политбюро ЦК ВКП(б), Протокол № 65а от 24 ноября 1938 г. Рапорт об обыске в квартире Ежова от 10 апреля 1939 г. Рапорт об установлении факта интимной связи М. Шолохова с женой Ежова от 12 декабря 1938 г. Постановление о привлечении Ежова к уголовной ответственности от 10 июня 1939 г. Записка Ежова из тюрьмы (без даты, между 12 и 16 июня 1938 г.). Из показаний подследственного С. Б. Жуковского от 31 мая 1938 г. Рапорт Кедрова от 28 января 1939 года. Последнее слово Н. И. Ежова на судебном процессе 3 февраля 1940 года.|no|no	58
ERROR	-	__row__	too_few_fields_expected_8_got_3	|internal|data/perpetrator2004/raw/mirror/documents/Yezhov/Yezhov1.doc	59
ERROR	P2004-0030	__row__	too_few_fields_expected_8_got_6	P2004-0030|documents/Yezhov/Yezhov2.doc|http://perpetrator2004.narod.ru/documents/Yezhov/Yezhov2.doc|Спецсообщение Л.П. Берии И.В. Сталину о И.И. Ежове от 30 января 1939 г. Записка Н.И. Ежова И.В. Сталину от 13 марта 1939 г. Спецсообщение Л.П. Берии И.В. Сталину с приложением заявления М.П. Фриновского от 13 апреля 1939 г. Сообщение Л.П. Берии И.В. Сталину о Н.И. Ежове от 27 апреля 1939 г. с приложением протокола допроса от 26 апреля 1939 г.|no|no	60
ERROR	-	__row__	too_few_fields_expected_8_got_3	|internal|data/perpetrator2004/raw/mirror/documents/Yezhov/Yezhov2.doc	61
ERROR	P2004-0031	__row__	too_few_fields_expected_8_got_6	P2004-0031|documents/Show_Trials/Radek_Sokolnikov_Murder.doc|http://perpetrator2004.narod.ru/documents/Show_Trials/Radek_Sokolnikov_Murder.doc|Из справки председателя КГБ при СМ СССР И.А. Серова в ЦК КПСС от 29 июня 1956 г. по делу «антисоветского троцкистского центра» об обстоятельствах убийства Г.Я. Сокольникова и К.Б. Радека|no|no	62
ERROR	-	__row__	too_few_fields_expected_8_got_3	|internal|data/perpetrator2004/raw/mirror/documents/Show_Trials/Radek_Sokolnikov_Murder.doc	63
ERROR	P2004-0032	__row__	too_few_fields_expected_8_got_6	P2004-0032|documents/Kremlin_Affair/Kremlin_Affair_1.doc|http://perpetrator2004.narod.ru/documents/Kremlin_Affair/Kremlin_Affair_1.doc|Спецсообщение Г.Г. Ягоды И.В. Сталину о «контрреволюционной группе» в кремле с приложением протокола очной ставки между Авдеевой Анной Ефимовной и Мишаковой Ефросинией Семеновной|no|no	64
ERROR	-	__row__	too_few_fields_expected_8_got_3	|internal|data/perpetrator2004/raw/mirror/documents/Kremlin_Affair/Kremlin_Affair_1.doc	65
ERROR	P2004-0033	__row__	too_few_fields_expected_8_got_6	P2004-0033|documents/Kremlin_Affair/Kremlin_Affair_2.doc|http://perpetrator2004.narod.ru/documents/Kremlin_Affair/Kremlin_Affair_2.doc|Записка Я.С. Агранова И.В. Сталину о новых арестах среди персонала в Кремле|no|no	66
ERROR	-	__row__	too_few_fields_expected_8_got_3	|internal|data/perpetrator2004/raw/mirror/documents/Kremlin_Affair/Kremlin_Affair_2.doc	67
ERROR	P2004-0034	__row__	too_few_fields_expected_8_got_6	P2004-0034|documents/Kremlin_Affair/Kremlin_Affair_3.doc|http://perpetrator2004.narod.ru/documents/Kremlin_Affair/Kremlin_Affair_3.doc|Докладная записка Г.Г. Ягоды И.В. Сталину о ходе следствия по кремлевскому делу с приложением протокола допроса Дорошина Василия Григорьевича|no|no	68
ERROR	-	__row__	too_few_fields_expected_8_got_3	|internal|data/perpetrator2004/raw/mirror/documents/Kremlin_Affair/Kremlin_Affair_3.doc	69
ERROR	P2004-0035	__row__	too_few_fields_expected_8_got_6	P2004-0035|documents/Kremlin_Affair/Kremlin_Affair_4.doc|http://perpetrator2004.narod.ru/documents/Kremlin_Affair/Kremlin_Affair_4.doc|Протокол допроса И.П. Лукьянова|no|no	70
ERROR	-	__row__	too_few_fields_expected_8_got_3	|internal|data/perpetrator2004/raw/mirror/documents/Kremlin_Affair/Kremlin_Affair_4.doc	71
ERROR	P2004-0036	__row__	too_few_fields_expected_8_got_6	P2004-0036|documents/Kremlin_Affair/Kremlin_Affair_5.doc|http://perpetrator2004.narod.ru/documents/Kremlin_Affair/Kremlin_Affair_5.doc|Протокол допроса Е.К. Мухановой|no|no	72
ERROR	-	__row__	too_few_fields_expected_8_got_3	|internal|data/perpetrator2004/raw/mirror/documents/Kremlin_Affair/Kremlin_Affair_5.doc	73
ERROR	P2004-0037	__row__	too_few_fields_expected_8_got_6	P2004-0037|documents/Kremlin_Affair/Kremlin_Affair_6.doc|http://perpetrator2004.narod.ru/documents/Kremlin_Affair/Kremlin_Affair_6.doc|Протокол допроса К.И. Синелобовой|no|no	74
ERROR	-	__row__	too_few_fields_expected_8_got_3	|internal|data/perpetrator2004/raw/mirror/documents/Kremlin_Affair/Kremlin_Affair_6.doc	75
ERROR	P2004-0038	__row__	too_few_fields_expected_8_got_6	P2004-0038|documents/Kremlin_Affair/Kremlin_Affair_7.doc|http://perpetrator2004.narod.ru/documents/Kremlin_Affair/Kremlin_Affair_7.doc|Протокол допроса П.И. Гордеевой|no|no	76
ERROR	-	__row__	too_few_fields_expected_8_got_3	|internal|data/perpetrator2004/raw/mirror/documents/Kremlin_Affair/Kremlin_Affair_7.doc	77
ERROR	P2004-0039	__row__	too_few_fields_expected_8_got_6	P2004-0039|documents/Kremlin_Affair/Kremlin_Affair_8.doc|http://perpetrator2004.narod.ru/documents/Kremlin_Affair/Kremlin_Affair_8.doc|Протокол допроса К.К. Муханова|no|no	78
ERROR	-	__row__	too_few_fields_expected_8_got_3	|internal|data/perpetrator2004/raw/mirror/documents/Kremlin_Affair/Kremlin_Affair_8.doc	79
ERROR	P2004-0040	__row__	too_few_fields_expected_8_got_6	P2004-0040|documents/Kremlin_Affair/Kremlin_Affair_9.doc|http://perpetrator2004.narod.ru/documents/Kremlin_Affair/Kremlin_Affair_9.doc|Протокол допроса Б.Н. Розенфельда|no|no	80
ERROR	-	__row__	too_few_fields_expected_8_got_3	|internal|data/perpetrator2004/raw/mirror/documents/Kremlin_Affair/Kremlin_Affair_9.doc	81
ERROR	P2004-0041	__row__	too_few_fields_expected_8_got_6	P2004-0041|documents/Kremlin_Affair/Kremlin_Affair_10.doc|http://perpetrator2004.narod.ru/documents/Kremlin_Affair/Kremlin_Affair_10.doc|Протокол допроса М.В. Королькова|no|no	82
ERROR	-	__row__	too_few_fields_expected_8_got_3	|internal|data/perpetrator2004/raw/mirror/documents/Kremlin_Affair/Kremlin_Affair_10.doc	83
ERROR	P2004-0042	__row__	too_few_fields_expected_8_got_6	P2004-0042|documents/Kremlin_Affair/Kremlin_Affair_11.doc|http://perpetrator2004.narod.ru/documents/Kremlin_Affair/Kremlin_Affair_11.doc|Протокол допроса В.А. Ельчаниновой|no|no	84
ERROR	-	__row__	too_few_fields_expected_8_got_3	|internal|data/perpetrator2004/raw/mirror/documents/Kremlin_Affair/Kremlin_Affair_11.doc	85
ERROR	P2004-0043	__row__	too_few_fields_expected_8_got_6	P2004-0043|documents/Kremlin_Affair/Kremlin_Affair_12.doc|http://perpetrator2004.narod.ru/documents/Kremlin_Affair/Kremlin_Affair_12.doc|Протокол допроса Р.Г. Миндель|no|no	86
ERROR	-	__row__	too_few_fields_expected_8_got_3	|internal|data/perpetrator2004/raw/mirror/documents/Kremlin_Affair/Kremlin_Affair_12.doc	87
ERROR	P2004-0044	__row__	too_few_fields_expected_8_got_6	P2004-0044|documents/Kremlin_Affair/Kremlin_Affair_13.doc|http://perpetrator2004.narod.ru/documents/Kremlin_Affair/Kremlin_Affair_13.doc|Протокол допроса Д.С. Азбеля|no|no	88
ERROR	-	__row__	too_few_fields_expected_8_got_3	|internal|data/perpetrator2004/raw/mirror/documents/Kremlin_Affair/Kremlin_Affair_13.doc	89
ERROR	P2004-0045	__row__	too_few_fields_expected_8_got_6	P2004-0045|documents/Kremlin_Affair/Kremlin_Affair_14.doc|http://perpetrator2004.narod.ru/documents/Kremlin_Affair/Kremlin_Affair_14.doc|Протокол допроса И.В. Больших|no|no	90
ERROR	-	__row__	too_few_fields_expected_8_got_3	|internal|data/perpetrator2004/raw/mirror/documents/Kremlin_Affair/Kremlin_Affair_14.doc	91
ERROR	P2004-0046	__row__	too_few_fields_expected_8_got_6	P2004-0046|documents/Kremlin_Affair/Kremlin_Affair_15.doc|http://perpetrator2004.narod.ru/documents/Kremlin_Affair/Kremlin_Affair_15.doc|Сопроводительная записка Я.С. Агранова И.В. Сталину с протоколом допроса Л.Б. Каменева|no|no	92
ERROR	-	__row__	too_few_fields_expected_8_got_3	|internal|data/perpetrator2004/raw/mirror/documents/Kremlin_Affair/Kremlin_Affair_15.doc	93
ERROR	P2004-0047	__row__	too_few_fields_expected_8_got_6	P2004-0047|documents/Kremlin_Affair/Kremlin_Affair_16.doc|http://perpetrator2004.narod.ru/documents/Kremlin_Affair/Kremlin_Affair_16.doc|Постановление политбюро ЦК ВКП(б) «Об аппарате ЦИК СССР и тов. Енукидзе»|no|no	94
ERROR	-	__row__	too_few_fields_expected_8_got_3	|internal|data/perpetrator2004/raw/mirror/documents/Kremlin_Affair/Kremlin_Affair_16.doc	95
ERROR	P2004-0048	__row__	too_few_fields_expected_8_got_6	P2004-0048|documents/Kremlin_Affair/Kremlin_Affair_17.doc|http://perpetrator2004.narod.ru/documents/Kremlin_Affair/Kremlin_Affair_17.doc|Записка Г.Г. Ягоды И.В. Сталину о мерах наказания участникам «контрреволюционных» групп|no|no	96
ERROR	-	__row__	too_few_fields_expected_8_got_3	|internal|data/perpetrator2004/raw/mirror/documents/Kremlin_Affair/Kremlin_Affair_17.doc	97
ERROR	P2004-0049	__row__	too_few_fields_expected_8_got_6	P2004-0049|documents/Kremlin_Affair/Kremlin_Affair_18.doc|http://perpetrator2004.narod.ru/documents/Kremlin_Affair/Kremlin_Affair_18.doc|Постановление Политбюро ЦК ВКП(б) о мерах наказания по «Кремлевскому делу»|no|no	98
ERROR	-	__row__	too_few_fields_expected_8_got_3	|internal|data/perpetrator2004/raw/mirror/documents/Kremlin_Affair/Kremlin_Affair_18.doc	99
ERROR	P2004-0050	__row__	too_few_fields_expected_8_got_6	P2004-0050|documents/Kremlin_Affair/Kremlin_Affair_19.doc|http://perpetrator2004.narod.ru/documents/Kremlin_Affair/Kremlin_Affair_19.doc|Записка Я.С. Агранова И.В. Сталину от 5 сентября 1935 г. с приложением копии анонимного письма об А.С. Енукидзе|no|no	100
ERROR	-	__row__	too_few_fields_expected_8_got_3	|internal|data/perpetrator2004/raw/mirror/documents/Kremlin_Affair/Kremlin_Affair_19.doc	101
ERROR	P2004-0051	__row__	too_few_fields_expected_8_got_6	P2004-0051|documents/Tukhachevsky/Tukhachevsky_Report.rar|http://perpetrator2004.narod.ru/documents/Tukhachevsky/Tukhachevsky_Report.rar|Справка Комиссии президиума ЦК КПСС «О проверке обвинений, предъявленных в 1937 году судебными и партийными органами тт. Тухачевскому, Якиру, Уборевичу и другим военным деятелям, в измене родины, терроре и военном заговоре»|no|no	102
ERROR	-	__row__	too_few_fields_expected_8_got_3	|internal|data/perpetrator2004/raw/mirror/documents/Tukhachevsky/Tukhachevsky_Report.rar	103
ERROR	P2004-0052	__row__	too_few_fields_expected_8_got_6	P2004-0052|documents/kirov/Zhukov_on_Kirov.doc|http://perpetrator2004.narod.ru/documents/kirov/Zhukov_on_Kirov.doc|Следствие и судебные процессы по делу об убийстве Кирова|no|no	104
ERROR	-	__row__	too_few_fields_expected_8_got_3	|internal|data/perpetrator2004/raw/mirror/documents/kirov/Zhukov_on_Kirov.doc	105
ERROR	P2004-0053	__row__	too_few_fields_expected_8_got_6	P2004-0053|documents/kirov/Kirilina_Interview.doc|http://perpetrator2004.narod.ru/documents/kirov/Kirilina_Interview.doc|Интервью Аллы Кирилиной|no|no	106
ERROR	-	__row__	too_few_fields_expected_8_got_3	|internal|data/perpetrator2004/raw/mirror/documents/kirov/Kirilina_Interview.doc	107
ERROR	P2004-0054	__row__	too_few_fields_expected_8_got_6	P2004-0054|documents/Bukharin/Bukharin_Confrontations.doc|http://perpetrator2004.narod.ru/documents/Bukharin/Bukharin_Confrontations.doc|Записка Я.С. Агранова И.В. Сталину о членах оппозиционной группы в ВКП(б). Стенограммы очных ставок в ЦК ВКП(б) между Н.И. Бухариным с одной стороны и Куликовым, Сосновским и Пятаковым с другой. Письма: Н.И. Бухарин – Сталину от 15 декабря 1936 г. и Сталину и членам Политбюро от 15 декабря 1936 г|no|no	108
ERROR	-	__row__	too_few_fields_expected_8_got_3	|internal|data/perpetrator2004/raw/mirror/documents/Bukharin/Bukharin_Confrontations.doc	109
ERROR	P2004-0055	__row__	too_few_fields_expected_8_got_6	P2004-0055|documents/Bukharin/Bukharin_Letters.doc|http://perpetrator2004.narod.ru/documents/Bukharin/Bukharin_Letters.doc|Телеграмма Н.И. Бухарина Сталину из Ташкента от 24 августа 1936 г. Письма: Бухарин – членам Политбюро и Вышинскому от 27 августа 1936 г., Бухарин – Ворошилову от 31 августа 1936 г., Ворошилов – Бухарину от 3 сентября 1936 г., Бухарин – Ворошилову от 3 сентября 1936 г., Каганович – Сталину от 14 сентября 1936 г., Бухарин – Сталину от 10 декабря 1937 г., Бухарин – Лариной от 15 января 1938 г|no|no	110
ERROR	-	__row__	too_few_fields_expected_8_got_3	|internal|data/perpetrator2004/raw/mirror/documents/Bukharin/Bukharin_Letters.doc	111
ERROR	P2004-0056	__row__	too_few_fields_expected_8_got_6	P2004-0056|documents/Bukharin/To_Future_Generation_of_Party_Leaders.doc|http://perpetrator2004.narod.ru/documents/Bukharin/To_Future_Generation_of_Party_Leaders.doc|Письмо будущему поколению руководителей партии|no|no	112
ERROR	-	__row__	too_few_fields_expected_8_got_3	|internal|data/perpetrator2004/raw/mirror/documents/Bukharin/To_Future_Generation_of_Party_Leaders.doc	113
ERROR	P2004-0057	__row__	too_few_fields_expected_8_got_6	P2004-0057|documents/Lenin/Letter_to_the_Congress.doc|http://perpetrator2004.narod.ru/documents/Lenin/Letter_to_the_Congress.doc|Ленин: Письмо к съезду и вокруг него|no|no	114
ERROR	-	__row__	too_few_fields_expected_8_got_3	|internal|data/perpetrator2004/raw/mirror/documents/Lenin/Letter_to_the_Congress.doc	115
ERROR	P2004-0058	__row__	too_few_fields_expected_8_got_6	P2004-0058|documents/Show_Trials/Orlov_Prison_Shooting.doc|http://perpetrator2004.narod.ru/documents/Show_Trials/Orlov_Prison_Shooting.doc|Документы о расстреле заключенных Орловской тюрьмы|no|no	116
ERROR	-	__row__	too_few_fields_expected_8_got_3	|internal|data/perpetrator2004/raw/mirror/documents/Show_Trials/Orlov_Prison_Shooting.doc	117
ERROR	P2004-0059	__row__	too_few_fields_expected_8_got_6	P2004-0059|documents/Lenin/Church_Values_Confiscation.doc|http://perpetrator2004.narod.ru/documents/Lenin/Church_Values_Confiscation.doc|Письмо Ленина Молотову об изъятии церковных ценностей от 19 марта 1922 г|no|no	118
ERROR	-	__row__	too_few_fields_expected_8_got_3	|internal|data/perpetrator2004/raw/mirror/documents/Lenin/Church_Values_Confiscation.doc	119
ERROR	P2004-0060	__row__	too_few_fields_expected_8_got_6	P2004-0060|documents/kirov/Kozlov_Memo.doc|http://perpetrator2004.narod.ru/documents/kirov/Kozlov_Memo.doc|Записка Ф.Р. Козлова в ЦК КПСС|no|no	120
ERROR	-	__row__	too_few_fields_expected_8_got_3	|internal|data/perpetrator2004/raw/mirror/documents/kirov/Kozlov_Memo.doc	121
ERROR	P2004-0061	__row__	too_few_fields_expected_8_got_6	P2004-0061|documents/kirov/Record_No_2.doc|http://perpetrator2004.narod.ru/documents/kirov/Record_No_2.doc|Протокол № 2|no|no	122
ERROR	-	__row__	too_few_fields_expected_8_got_3	|internal|data/perpetrator2004/raw/mirror/documents/kirov/Record_No_2.doc	123
ERROR	P2004-0062	__row__	too_few_fields_expected_8_got_6	P2004-0062|documents/kirov/Serov_Memo_Volkova.doc|http://perpetrator2004.narod.ru/documents/kirov/Serov_Memo_Volkova.doc|Записка И.А.Серова А. Б. Аристову|no|no	124
ERROR	-	__row__	too_few_fields_expected_8_got_3	|internal|data/perpetrator2004/raw/mirror/documents/kirov/Serov_Memo_Volkova.doc	125
ERROR	P2004-0063	__row__	too_few_fields_expected_8_got_6	P2004-0063|documents/kirov/Molotov_Commission_Memo.doc|http://perpetrator2004.narod.ru/documents/kirov/Molotov_Commission_Memo.doc|Записка комиссии ЦК КПСС под председательством В.М. Молотова|no|no	126
ERROR	-	__row__	too_few_fields_expected_8_got_3	|internal|data/perpetrator2004/raw/mirror/documents/kirov/Molotov_Commission_Memo.doc	127
ERROR	P2004-0064	__row__	too_few_fields_expected_8_got_6	P2004-0064|documents/kirov/Molotov_Commission_Borisov.doc|http://perpetrator2004.narod.ru/documents/kirov/Molotov_Commission_Borisov.doc|Записка комиссии ЦК КПСС под председательством В.М.Молотова ЦК КПСС об обстоятельствах гибели М.В. Борисова|no|no	128
ERROR	-	__row__	too_few_fields_expected_8_got_3	|internal|data/perpetrator2004/raw/mirror/documents/kirov/Molotov_Commission_Borisov.doc	129
ERROR	P2004-0065	__row__	too_few_fields_expected_8_got_6	P2004-0065|documents/kirov/Shatunovskaya_Letters.doc|http://perpetrator2004.narod.ru/documents/kirov/Shatunovskaya_Letters.doc|Письма О.Г. Шатуновской членам Политбюро об обстоятельствах убийства С.М. Кирова|no|no	130
ERROR	-	__row__	too_few_fields_expected_8_got_3	|internal|data/perpetrator2004/raw/mirror/documents/kirov/Shatunovskaya_Letters.doc	131
ERROR	P2004-0066	__row__	too_few_fields_expected_8_got_6	P2004-0066|documents/kirov/CCC_Memo_Shatunovskaya.doc|http://perpetrator2004.narod.ru/documents/kirov/CCC_Memo_Shatunovskaya.doc|Записка Центральной контрольной комиссии КП РСФСР в ЦК КПСС о результатах проверки заявлений О.Г. Шатуновской|no|no	132
ERROR	-	__row__	too_few_fields_expected_8_got_3	|internal|data/perpetrator2004/raw/mirror/documents/kirov/CCC_Memo_Shatunovskaya.doc	133
ERROR	P2004-0067	__row__	too_few_fields_expected_8_got_6	P2004-0067|documents/kirov/Yakovlev_Memo.doc|http://perpetrator2004.narod.ru/documents/kirov/Yakovlev_Memo.doc|Записка А.Н. Яковлева|no|no	134
ERROR	-	__row__	too_few_fields_expected_8_got_3	|internal|data/perpetrator2004/raw/mirror/documents/kirov/Yakovlev_Memo.doc	135
ERROR	P2004-0068	__row__	too_few_fields_expected_8_got_6	P2004-0068|documents/kirov/Krov_Assassination_Memo_GPO_KGB.doc|http://perpetrator2004.narod.ru/documents/kirov/Krov_Assassination_Memo_GPO_KGB.doc|Справка работников прокуратуры СССР и следственного отдела КГБ СССР|no|no	136
ERROR	-	__row__	too_few_fields_expected_8_got_3	|internal|data/perpetrator2004/raw/mirror/documents/kirov/Krov_Assassination_Memo_GPO_KGB.doc	137
ERROR	P2004-0069	__row__	too_few_fields_expected_8_got_6	P2004-0069|documents/Great_Terror/Shvernik_Report.rar|http://perpetrator2004.narod.ru/documents/Great_Terror/Shvernik_Report.rar|Доклад комиссии Шверника|no|no	138
ERROR	-	__row__	too_few_fields_expected_8_got_3	|internal|data/perpetrator2004/raw/mirror/documents/Great_Terror/Shvernik_Report.rar	139
ERROR	P2004-0070	__row__	too_few_fields_expected_8_got_6	P2004-0070|documents/Great_Terror/CEC_Order_dated_1_12_1934.doc|http://perpetrator2004.narod.ru/documents/Great_Terror/CEC_Order_dated_1_12_1934.doc|Постановление Президиума ЦИК СССР от 1 декабря 1934 г|no|no	140
ERROR	-	__row__	too_few_fields_expected_8_got_3	|internal|data/perpetrator2004/raw/mirror/documents/Great_Terror/CEC_Order_dated_1_12_1934.doc	141
ERROR	P2004-0071	__row__	too_few_fields_expected_8_got_6	P2004-0071|documents/Great_Terror/Number_of_Arrested_Condemned_by_Organs.doc|http://perpetrator2004.narod.ru/documents/Great_Terror/Number_of_Arrested_Condemned_by_Organs.doc|Справки спецотдела МВД СССР о количестве арестованных и осужденных органами ВЧК - ОГПУ - НКВД - МГБ СССР в 1921 -1953 гг.|no|no	142
ERROR	-	__row__	too_few_fields_expected_8_got_3	|internal|data/perpetrator2004/raw/mirror/documents/Great_Terror/Number_of_Arrested_Condemned_by_Organs.doc	143
ERROR	P2004-0072	__row__	too_few_fields_expected_8_got_6	P2004-0072|documents/Great_Terror/Number_of_Condemned_by_Special_Commission.doc|http://perpetrator2004.narod.ru/documents/Great_Terror/Number_of_Condemned_by_Special_Commission.doc|Докладная записка С. Н. Круглова и Р. А. Руденко Н. С. Хрущеву о пересмотре дел осужденных особым совещанием при НКВД- МГБ СССР|no|no	144
ERROR	-	__row__	too_few_fields_expected_8_got_3	|internal|data/perpetrator2004/raw/mirror/documents/Great_Terror/Number_of_Condemned_by_Special_Commission.doc	145
ERROR	P2004-0073	__row__	too_few_fields_expected_8_got_6	P2004-0073|documents/Leningrad_Affair/Rudenko_Speech_Leningrad.doc|http://perpetrator2004.narod.ru/documents/Leningrad_Affair/Rudenko_Speech_Leningrad.doc|Правленая стенограмма выступления Р. А. Руденко|no|no	146
ERROR	-	__row__	too_few_fields_expected_8_got_3	|internal|data/perpetrator2004/raw/mirror/documents/Leningrad_Affair/Rudenko_Speech_Leningrad.doc	147
ERROR	P2004-0074	__row__	too_few_fields_expected_8_got_6	P2004-0074|documents/Leningrad_Affair/Khrushchev_Speech_Leningrad.doc|http://perpetrator2004.narod.ru/documents/Leningrad_Affair/Khrushchev_Speech_Leningrad.doc|Из неправленой стенограммы выступления Н.С. Хрущева|no|no	148
ERROR	-	__row__	too_few_fields_expected_8_got_3	|internal|data/perpetrator2004/raw/mirror/documents/Leningrad_Affair/Khrushchev_Speech_Leningrad.doc	149
ERROR	P2004-0075	__row__	too_few_fields_expected_8_got_6	P2004-0075|documents/Great_Terror/Pospelov_Commission_Report.doc|http://perpetrator2004.narod.ru/documents/Great_Terror/Pospelov_Commission_Report.doc|Доклад комиссии Поспелова|no|no	150
ERROR	-	__row__	too_few_fields_expected_8_got_3	|internal|data/perpetrator2004/raw/mirror/documents/Great_Terror/Pospelov_Commission_Report.doc	151
ERROR	P2004-0076	__row__	too_few_fields_expected_8_got_6	P2004-0076|documents/Show_Trials/CPSU_Classified_Letter_on_Trotskyite_Zinovievite_Bloc.doc|http://perpetrator2004.narod.ru/documents/Show_Trials/CPSU_Classified_Letter_on_Trotskyite_Zinovievite_Bloc.doc|Закрытое письмо ЦК ВКП(б) о террористической деятельности троцкистско-зиновьевского контрреволюционного блока|no|no	152
ERROR	-	__row__	too_few_fields_expected_8_got_3	|internal|data/perpetrator2004/raw/mirror/documents/Show_Trials/CPSU_Classified_Letter_on_Trotskyite_Zinovievite_Bloc.doc	153
ERROR	P2004-0077	__row__	too_few_fields_expected_8_got_6	P2004-0077|documents/kirov/Kotolynov_Interrogation_Record_12_Dec.doc|http://perpetrator2004.narod.ru/documents/kirov/Kotolynov_Interrogation_Record_12_Dec.doc|Протокол допроса И.И. Котолынова от 12 декабря 1934 г.|no|no	154
ERROR	-	__row__	too_few_fields_expected_8_got_3	|internal|data/perpetrator2004/raw/mirror/documents/kirov/Kotolynov_Interrogation_Record_12_Dec.doc	155
ERROR	P2004-0078	__row__	too_few_fields_expected_8_got_6	P2004-0078|documents/kirov/Nikolayev_Interrogation_Record_13_Dec.doc|http://perpetrator2004.narod.ru/documents/kirov/Nikolayev_Interrogation_Record_13_Dec.doc|Протокол допроса Л. Николаева от 13 декабря 1934 г.|no|no	156
ERROR	-	__row__	too_few_fields_expected_8_got_3	|internal|data/perpetrator2004/raw/mirror/documents/kirov/Nikolayev_Interrogation_Record_13_Dec.doc	157
ERROR	P2004-0079	__row__	too_few_fields_expected_8_got_6	P2004-0079|documents/kirov/Draft_Circular_Letter.doc|http://perpetrator2004.narod.ru/documents/kirov/Draft_Circular_Letter.doc|Из циркулярного письма НКВД СССР всем местным органам наркомата внутренних дел СССР|no|no	158
ERROR	-	__row__	too_few_fields_expected_8_got_3	|internal|data/perpetrator2004/raw/mirror/documents/kirov/Draft_Circular_Letter.doc	159
ERROR	P2004-0080	__row__	too_few_fields_expected_8_got_6	P2004-0080|documents/Tukhachevsky/Plan_for_Defeat.doc|http://perpetrator2004.narod.ru/documents/Tukhachevsky/Plan_for_Defeat.doc|План поражения СССР|no|no	160
ERROR	-	__row__	too_few_fields_expected_8_got_3	|internal|data/perpetrator2004/raw/mirror/documents/Tukhachevsky/Plan_for_Defeat.doc	161
ERROR	P2004-0081	__row__	too_few_fields_expected_8_got_6	P2004-0081|documents/Great_Terror/Lead_Up_To_Terror.doc|http://perpetrator2004.narod.ru/documents/Great_Terror/Lead_Up_To_Terror.doc|Подготовка к Большому террору|no|no	162
ERROR	-	__row__	too_few_fields_expected_8_got_3	|internal|data/perpetrator2004/raw/mirror/documents/Great_Terror/Lead_Up_To_Terror.doc	163
ERROR	P2004-0082	__row__	too_few_fields_expected_8_got_6	P2004-0082|documents/Great_Terror/Coded_Telegram_On_Physical_Influence.doc|http://perpetrator2004.narod.ru/documents/Great_Terror/Coded_Telegram_On_Physical_Influence.doc|Шифртелеграмма от 20.01.1939|no|no	164
ERROR	-	__row__	too_few_fields_expected_8_got_3	|internal|data/perpetrator2004/raw/mirror/documents/Great_Terror/Coded_Telegram_On_Physical_Influence.doc	165
ERROR	P2004-0083	__row__	too_few_fields_expected_8_got_6	P2004-0083|documents/Great_Terror/Operative_Order_00439.doc|http://perpetrator2004.narod.ru/documents/Great_Terror/Operative_Order_00439.doc|Оперативный приказ Ежова 00439|no|no	166
ERROR	-	__row__	too_few_fields_expected_8_got_3	|internal|data/perpetrator2004/raw/mirror/documents/Great_Terror/Operative_Order_00439.doc	167
ERROR	P2004-0084	__row__	too_few_fields_expected_8_got_6	P2004-0084|documents/Great_Terror/Operative_Order_00447.doc|http://perpetrator2004.narod.ru/documents/Great_Terror/Operative_Order_00447.doc|Оперативный приказ Ежова 00447 о репрессировании бывших кулаков, уголовников и др. антисоветских элементов|no|no	168
ERROR	-	__row__	too_few_fields_expected_8_got_3	|internal|data/perpetrator2004/raw/mirror/documents/Great_Terror/Operative_Order_00447.doc	169
ERROR	P2004-0085	__row__	too_few_fields_expected_8_got_6	P2004-0085|documents/Great_Terror/Operative_Order_00485.doc|http://perpetrator2004.narod.ru/documents/Great_Terror/Operative_Order_00485.doc|Оперативный приказ Ежова 00485|no|no	170
ERROR	-	__row__	too_few_fields_expected_8_got_3	|internal|data/perpetrator2004/raw/mirror/documents/Great_Terror/Operative_Order_00485.doc	171
ERROR	P2004-0086	__row__	too_few_fields_expected_8_got_6	P2004-0086|documents/Great_Terror/Letter_On_POV.doc|http://perpetrator2004.narod.ru/documents/Great_Terror/Letter_On_POV.doc|Закрытого письма|no|no	172
ERROR	-	__row__	too_few_fields_expected_8_got_3	|internal|data/perpetrator2004/raw/mirror/documents/Great_Terror/Letter_On_POV.doc	173
ERROR	P2004-0087	__row__	too_few_fields_expected_8_got_6	P2004-0087|documents/Great_Terror/Politburo_Resolution_5_7_37.doc|http://perpetrator2004.narod.ru/documents/Great_Terror/Politburo_Resolution_5_7_37.doc|Решение политбюро от 5.7.1937 г.|no|no	174
ERROR	-	__row__	too_few_fields_expected_8_got_3	|internal|data/perpetrator2004/raw/mirror/documents/Great_Terror/Politburo_Resolution_5_7_37.doc	175
ERROR	P2004-0088	__row__	too_few_fields_expected_8_got_6	P2004-0088|documents/Great_Terror/Operative_Order_00486.doc|http://perpetrator2004.narod.ru/documents/Great_Terror/Operative_Order_00486.doc|Оперативный приказ Ежова 00486 о репрессировании жен изменников родины, членов право-троцкистских шпионско-диверсионных организаций, осужденных военной коллегией и военными трибуналами по первой и второй категории, начиная с 1 августа 1936 г|no|no	176
ERROR	-	__row__	too_few_fields_expected_8_got_3	|internal|data/perpetrator2004/raw/mirror/documents/Great_Terror/Operative_Order_00486.doc	177
ERROR	P2004-0089	__row__	too_few_fields_expected_8_got_6	P2004-0089|documents/Great_Terror/Operative_Order_00593.doc|http://perpetrator2004.narod.ru/documents/Great_Terror/Operative_Order_00593.doc|Оперативный приказ Ежова 00593|no|no	178
ERROR	-	__row__	too_few_fields_expected_8_got_3	|internal|data/perpetrator2004/raw/mirror/documents/Great_Terror/Operative_Order_00593.doc	179
ERROR	P2004-0090	__row__	too_few_fields_expected_8_got_6	P2004-0090|documents/Great_Terror/Circular_Letter_106_20_May_1938.doc|http://perpetrator2004.narod.ru/documents/Great_Terror/Circular_Letter_106_20_May_1938.doc|Циркуляр Народного комиссара внутренних дел Союза ССР № 106|no|no	180
ERROR	-	__row__	too_few_fields_expected_8_got_3	|internal|data/perpetrator2004/raw/mirror/documents/Great_Terror/Circular_Letter_106_20_May_1938.doc	181
ERROR	P2004-0091	__row__	too_few_fields_expected_8_got_6	P2004-0091|documents/Great_Terror/Beria_Order_00689.doc|http://perpetrator2004.narod.ru/documents/Great_Terror/Beria_Order_00689.doc|Приказ Берии 00689|no|no	182
ERROR	-	__row__	too_few_fields_expected_8_got_3	|internal|data/perpetrator2004/raw/mirror/documents/Great_Terror/Beria_Order_00689.doc	183
ERROR	P2004-0092	__row__	too_few_fields_expected_8_got_6	P2004-0092|documents/Great_Terror/Operative_Order_00486.doc|http://perpetrator2004.narod.ru/documents/Great_Terror/Operative_Order_00486.doc|приказа НКВД № 00486|no|no	184
ERROR	-	__row__	too_few_fields_expected_8_got_3	|internal|data/perpetrator2004/raw/mirror/documents/Great_Terror/Operative_Order_00486.doc	185
ERROR	P2004-0093	__row__	too_few_fields_expected_8_got_6	P2004-0093|documents/Show_Trials/Zinoviev_Kamenev_Trial.doc|http://perpetrator2004.narod.ru/documents/Show_Trials/Zinoviev_Kamenev_Trial.doc|Процесс по делу «антисоветского объединенного троцкистско-зиновьевского центра»|no|no	186
ERROR	-	__row__	too_few_fields_expected_8_got_3	|internal|data/perpetrator2004/raw/mirror/documents/Show_Trials/Zinoviev_Kamenev_Trial.doc	187
ERROR	P2004-0094	__row__	too_few_fields_expected_8_got_6	P2004-0094|documents/Show_Trials/Radek_Pyatakov_Trial.doc|http://perpetrator2004.narod.ru/documents/Show_Trials/Radek_Pyatakov_Trial.doc|Процесс «антисоветского троцкистского центра|no|no	188
ERROR	-	__row__	too_few_fields_expected_8_got_3	|internal|data/perpetrator2004/raw/mirror/documents/Show_Trials/Radek_Pyatakov_Trial.doc	189
ERROR	P2004-0095	__row__	too_few_fields_expected_8_got_6	P2004-0095|documents/Show_Trials/Bukharin_Trial.doc|http://perpetrator2004.narod.ru/documents/Show_Trials/Bukharin_Trial.doc|Процесс «троцкистко-бухаринского блока»»|no|no	190
ERROR	-	__row__	too_few_fields_expected_8_got_3	|internal|data/perpetrator2004/raw/mirror/documents/Show_Trials/Bukharin_Trial.doc	191
ERROR	P2004-0096	__row__	too_few_fields_expected_8_got_6	P2004-0096|http://perpetrator2004.narod.ru/documents/Yagoda/Yagoda_Search_Record.doc|http://perpetrator2004.narod.ru/documents/Yagoda/Yagoda_Search_Record.doc|Акт об обыске у Ягоды|no|yes	192
ERROR	-	__row__	too_few_fields_expected_8_got_3	|internal|data/perpetrator2004/raw/mirror/documents/Yagoda/Yagoda_Search_Record.doc	193
ERROR	P2004-0097	__row__	too_few_fields_expected_8_got_6	P2004-0097|http://perpetrator2004.narod.ru/documents/Yagoda/Yagoda_Interrogation_Records.doc|http://perpetrator2004.narod.ru/documents/Yagoda/Yagoda_Interrogation_Records.doc|Протоколы допросов Ягоды|no|yes	194
ERROR	-	__row__	too_few_fields_expected_8_got_3	|internal|data/perpetrator2004/raw/mirror/documents/Yagoda/Yagoda_Interrogation_Records.doc	195
ERROR	P2004-0098	__row__	too_few_fields_expected_8_got_6	P2004-0098|http://perpetrator2004.narod.ru/documents/Yagoda/Yagoda_Confrontation_Records.doc|http://perpetrator2004.narod.ru/documents/Yagoda/Yagoda_Confrontation_Records.doc|Протоколы очных ставок|no|yes	196
ERROR	-	__row__	too_few_fields_expected_8_got_3	|internal|data/perpetrator2004/raw/mirror/documents/Yagoda/Yagoda_Confrontation_Records.doc	197
ERROR	P2004-0099	__row__	too_few_fields_expected_8_got_6	P2004-0099|http://perpetrator2004.narod.ru/documents/Yagoda/Prosecutors_Interrogation_Record.doc|http://perpetrator2004.narod.ru/documents/Yagoda/Prosecutors_Interrogation_Record.doc|Протокол допроса обвиняемого Ягоды сотрудниками Прокуратуры СССР – Прокурором СССР А.Я. Вышинским и следователем по важнейшим делам при Прокуроре СССР Шейниным|no|yes	198
ERROR	-	__row__	too_few_fields_expected_8_got_3	|internal|data/perpetrator2004/raw/mirror/documents/Yagoda/Prosecutors_Interrogation_Record.doc	199
ERROR	P2004-0100	__row__	too_few_fields_expected_8_got_6	P2004-0100|http://perpetrator2004.narod.ru/documents/Yagoda/Kirshon_s_Report_on_Yagoda_s_Behavior_in_Prison.doc|http://perpetrator2004.narod.ru/documents/Yagoda/Kirshon_s_Report_on_Yagoda_s_Behavior_in_Prison.doc|Сообщение В.М. Киршона о поведении Ягоды в тюрьме|no|yes	200
ERROR	-	__row__	too_few_fields_expected_8_got_3	|internal|data/perpetrator2004/raw/mirror/documents/Yagoda/Kirshon_s_Report_on_Yagoda_s_Behavior_in_Prison.doc	201
ERROR	P2004-0101	__row__	too_few_fields_expected_8_got_6	P2004-0101|http://perpetrator2004.narod.ru/documents/Yagoda/Shothand_Record_of_Closed_Session.doc|http://perpetrator2004.narod.ru/documents/Yagoda/Shothand_Record_of_Closed_Session.doc|Стенографический протокол закрытого судебного заседания Военной коллегии Верховного суда СССР 9 марта 1938 года|no|yes	202
ERROR	-	__row__	too_few_fields_expected_8_got_3	|internal|data/perpetrator2004/raw/mirror/documents/Yagoda/Shothand_Record_of_Closed_Session.doc	203
ERROR	P2004-0102	__row__	too_few_fields_expected_8_got_6	P2004-0102|http://perpetrator2004.narod.ru/documents/kirov/picb_621.gif|http://perpetrator2004.narod.ru/documents/kirov/picb_621.gif|Ситуационная схема|no|yes	204
ERROR	-	__row__	too_few_fields_expected_8_got_3	|internal|data/perpetrator2004/raw/mirror/documents/kirov/picb_621.gif	205
ERROR	P2004-0103	__row__	too_few_fields_expected_8_got_6	P2004-0103|http://perpetrator2004.narod.ru/documents/kirov/Khanik_Documents_Records.doc|http://perpetrator2004.narod.ru/documents/kirov/Khanik_Documents_Records.doc|Протоколы допроса Николаева от 1 и 3 декабря 1934 г|no|yes	206
ERROR	-	__row__	too_few_fields_expected_8_got_3	|internal|data/perpetrator2004/raw/mirror/documents/kirov/Khanik_Documents_Records.doc	207
ERROR	P2004-0104	__row__	too_few_fields_expected_8_got_6	P2004-0104|http://perpetrator2004.narod.ru/documents/kirov/Kotolynov_Interrogation_Record.doc|http://perpetrator2004.narod.ru/documents/kirov/Kotolynov_Interrogation_Record.doc|Протокол допроса Котолынова от 19 декабря 1934 г|no|yes	208
ERROR	-	__row__	too_few_fields_expected_8_got_3	|internal|data/perpetrator2004/raw/mirror/documents/kirov/Kotolynov_Interrogation_Record.doc	209
ERROR	P2004-0105	__row__	too_few_fields_expected_8_got_6	P2004-0105|http://perpetrator2004.narod.ru/documents/kirov/Kotolynov_s_Statement_re_Indictment.doc|http://perpetrator2004.narod.ru/documents/kirov/Kotolynov_s_Statement_re_Indictment.doc|Заявление Котолынова от 27 декабря 1934 г.|no|yes	210
ERROR	-	__row__	too_few_fields_expected_8_got_3	|internal|data/perpetrator2004/raw/mirror/documents/kirov/Kotolynov_s_Statement_re_Indictment.doc	211
ERROR	P2004-0106	__row__	too_few_fields_expected_8_got_6	P2004-0106|http://perpetrator2004.narod.ru/documents/kirov/Khanik_Documents_Records.doc|http://perpetrator2004.narod.ru/documents/kirov/Khanik_Documents_Records.doc|Документы на Ханика. Ордер на арест, протоколы допросов на следствии, постановление о привлечении в качестве обвиняемого|no|yes	212
ERROR	-	__row__	too_few_fields_expected_8_got_3	|internal|data/perpetrator2004/raw/mirror/documents/kirov/Khanik_Documents_Records.doc	213
ERROR	P2004-0107	__row__	too_few_fields_expected_8_got_6	P2004-0107|http://perpetrator2004.narod.ru/documents/kirov/Professor_Dembo_s_Letter.doc|http://perpetrator2004.narod.ru/documents/kirov/Professor_Dembo_s_Letter.doc|Письмо профессора Дембо в комиссию Политбюро|no|yes	214
ERROR	-	__row__	too_few_fields_expected_8_got_3	|internal|data/perpetrator2004/raw/mirror/documents/kirov/Professor_Dembo_s_Letter.doc	215
ERROR	P2004-0108	__row__	too_few_fields_expected_8_got_6	P2004-0108|http://perpetrator2004.narod.ru/documents/kirov/Salkov_Statement.doc|http://perpetrator2004.narod.ru/documents/kirov/Salkov_Statement.doc|Воспоминания эксперта-криминалиста Салькова|no|yes	216
ERROR	-	__row__	too_few_fields_expected_8_got_3	|internal|data/perpetrator2004/raw/mirror/documents/kirov/Salkov_Statement.doc	217
ERROR	P2004-0109	__row__	too_few_fields_expected_8_got_6	P2004-0109|http://perpetrator2004.narod.ru/documents/kirov/Trial_Record_Kotolynov_et_al.doc|http://perpetrator2004.narod.ru/documents/kirov/Trial_Record_Kotolynov_et_al.doc|Протоколы допросов на суде. Котолынов и др|no|yes	218
ERROR	-	__row__	too_few_fields_expected_8_got_3	|internal|data/perpetrator2004/raw/mirror/documents/kirov/Trial_Record_Kotolynov_et_al.doc	219
ERROR	P2004-0110	__row__	too_few_fields_expected_8_got_6	P2004-0110|http://perpetrator2004.narod.ru/documents/kirov/Trial_Record_Khanik.doc|http://perpetrator2004.narod.ru/documents/kirov/Trial_Record_Khanik.doc|Допрос Ханика на суде|no|yes	220
ERROR	-	__row__	too_few_fields_expected_8_got_3	|internal|data/perpetrator2004/raw/mirror/documents/kirov/Trial_Record_Khanik.doc	221
ERROR	P2004-0111	__row__	too_few_fields_expected_8_got_6	P2004-0111|http://perpetrator2004.narod.ru/documents/kirov/Special_Reports_to_Yagoda.doc|http://perpetrator2004.narod.ru/documents/kirov/Special_Reports_to_Yagoda.doc|Спецсообщения Ягоде о ходе расследования убийства и суда по делу об убийстве|no|yes	222
ERROR	-	__row__	too_few_fields_expected_8_got_3	|internal|data/perpetrator2004/raw/mirror/documents/kirov/Special_Reports_to_Yagoda.doc	223
ERROR	P2004-0112	__row__	too_few_fields_expected_8_got_6	P2004-0112|http://perpetrator2004.narod.ru/documents/kirov/Volkova_s_Letter_Verification.doc|http://perpetrator2004.narod.ru/documents/kirov/Volkova_s_Letter_Verification.doc|Из письма М. Н. Волковой в ЦК КПСС о событиях, предшествовавших убийству С. М. Кирова. Из записки КГБ при СМ СССР в ЦК КПСС о проверке письма М. Н. Волковой|no|yes	224
ERROR	-	__row__	too_few_fields_expected_8_got_3	|internal|data/perpetrator2004/raw/mirror/documents/kirov/Volkova_s_Letter_Verification.doc	225
ERROR	P2004-0113	__row__	too_few_fields_expected_8_got_6	P2004-0113|http://www.ucoz.ru/|http://www.ucoz.ru/||no|yes	226
ERROR	-	__row__	too_few_fields_expected_8_got_3	|internal|data/perpetrator2004/raw/mirror/external/other/P2004-0113	227
