person_a	person_b	document_count
袝卸芯胁	小褌邪谢懈薪	286
袚.袚. 携谐芯写邪	小褌邪谢懈薪	89
袚.袚. 携谐芯写邪	袝卸芯胁	62
袗谐褉邪薪芯胁	袝卸芯胁	45
袨谢褜斜械褉谐	小械写芯胁	45
袘褍褏邪褉懈薪	小褌邪谢懈薪	37
袗谐褉邪薪芯胁	小褌邪谢懈薪	20
袚.袝. 袩褉芯泻芯褎褜械胁邪	袝卸芯胁	19
袟懈薪芯胁褜械胁	小褌邪谢懈薪	17
袥.袛. 孝褉芯褑泻懈泄	小械写芯胁	16
袝卸芯胁	袩褟褌邪泻芯胁	15
袪邪写械泻	小褌邪谢懈薪	15
袚.袝. 袩褉芯泻芯褎褜械胁邪	小褌邪谢懈薪	14
袩褟褌邪泻芯胁	小褌邪谢懈薪	14
袝.袙. 笑械褌谢懈薪邪	小褌邪谢懈薪	13
袙.袗. 袘邪谢懈褑泻芯谐芯	袝卸芯胁	12
袝卸芯胁	小芯泻芯谢褜薪懈泻芯胁	12
袝卸芯胁	袪邪写械泻	11
小芯泻芯谢褜薪懈泻芯胁	小褌邪谢懈薪	11
袚.袚. 携谐芯写邪	袟懈薪芯胁褜械胁	11
袥.袛. 孝褉芯褑泻懈泄	袨谢褜斜械褉谐	11
袣邪屑械薪械胁	小褌邪谢懈薪	10
袗谐褉邪薪芯胁	袝.袙. 笑械褌谢懈薪邪	9
袪褘泻芯胁	小褌邪谢懈薪	7
袘褍褏邪褉懈薪	袪褘泻芯胁	7
袝卸芯胁	袠.袗. 袦褍褋褍谢褜斜邪褋邪	7
袠.袗. 袦褍褋褍谢褜斜邪褋邪	小褌邪谢懈薪	7
袝.肖. 袣褍谢懈泻芯胁邪	袝卸芯胁	6
袨谢褜斜械褉谐	孝褉芯褑泻懈泄	6
袚.袗. 袦芯谢褔邪薪芯胁邪	袝卸芯胁	6
袚.袚. 携谐芯写邪	小.袙. 袦褉邪褔泻芯胁褋泻懈泄	6
袚.袚. 携谐芯写邪	袠.袠. 袪械泄薪谐芯谢褜写邪	6
袝卸芯胁	袪褘泻芯胁	5
袘褍褏邪褉懈薪	袝卸芯胁	5
袨谢褜斜械褉谐	小褌邪谢懈薪	5
袝卸芯胁	袟懈薪芯胁褜械胁	5
袝卸芯胁	袧.袗. 袪芯蟹械薪褎械谢褜写	5
小褌邪谢懈薪	孝.袠. 袚谢械斜芯胁芯泄	5
小.袙. 袦褉邪褔泻芯胁褋泻懈泄	小褌邪谢懈薪	5
袚.袚. 携谐芯写邪	袣邪屑械薪械胁	5
袙.袗. 携泻芯胁谢械胁邪	袝卸芯胁	5
袙.袗. 携泻芯胁谢械胁邪	小褌邪谢懈薪	5
袝卸芯胁	袧.袙. 袚芯谢褍斜械薪泻芯	5
袠.袠. 袪械泄薪谐芯谢褜写邪	小褌邪谢懈薪	5
袗.携. 袙褘褕懈薪褋泻懈泄	小褌邪谢懈薪	5
袙.袙. 袣褍蟹褜屑懈薪邪	小褌邪谢懈薪	4
袨谢褜斜械褉谐	袩.袠. 袘械褋泻懈薪芯泄	4
袗谐褉邪薪芯胁	袧.袗. 袪芯蟹械薪褎械谢褜写	4
袗谐褉邪薪芯胁	袦.袣. 效械褉薪褟胁褋泻芯谐芯	4
袝卸芯胁	袦.袣. 效械褉薪褟胁褋泻芯谐芯	4
袚.袠. 小邪褎邪褉芯胁邪	小褌邪谢懈薪	4
袝卸芯胁	袥.袦. 袣邪谐邪薪芯胁懈褔	4
袚.袚. 携谐芯写邪	小屑懈褉薪芯胁	4
袙.肖. 袥芯谐懈薪芯胁邪	袝卸芯胁	4
袝卸芯胁	袦.袦. 袣懈谢谢械褉芯谐邪	4
袦.袦. 袣懈谢谢械褉芯谐邪	小褌邪谢懈薪	4
袚.袚. 携谐芯写邪	小芯泻芯谢褜薪懈泻芯胁	4
袙.袗. 袘邪谢懈褑泻芯谐芯	袚.袚. 携谐芯写邪	4
袚.袚. 携谐芯写邪	袝.袗. 袛褉械泄褑械褉邪	4
袝.袗. 袛褉械泄褑械褉邪	小褌邪谢懈薪	4
袙.肖. 袥芯谐懈薪芯胁邪	袚.袚. 携谐芯写邪	4
袚.袚. 携谐芯写邪	袧.袙. 袚芯谢褍斜械薪泻芯	4
袚.袚. 携谐芯写邪	袚.袦. 袗褉泻褍褋邪	4
袚.袦. 袗褉泻褍褋邪	小褌邪谢懈薪	4
袗.袠. 袘懈褉泻械薪谐芯褎邪	袝卸芯胁	4
袙.袙. 楔屑懈写褌邪	袝卸芯胁	3
袝卸芯胁	效谢械薪芯胁	3
袚.袚. 携谐芯写邪	袠.袣. 肖械写芯褌芯胁邪	3
袚.袝. 袩褉芯泻芯褎褜械胁邪	袛屑懈褌褉懈械胁	3
袛屑懈褌褉懈械胁	袝卸芯胁	3
袝卸芯胁	袦芯谢芯褌芯胁	3
袚.袝. 袩褉芯泻芯褎褜械胁邪	袨谢褜斜械褉谐	3
袗.携. 小胁械褉写谢芯胁邪	袝卸芯胁	3
袝卸芯胁	袩.肖. 袟邪泄褑械胁邪	3
袗谐褉邪薪芯胁	袣邪屑械薪械胁	3
袦.肖. 楔泻懈褉褟褌芯胁褍	小褌邪谢懈薪	3
袥.袦. 袣邪谐邪薪芯胁懈褔	小褌邪谢懈薪	3
袦.袦. 啸邪褉懈褌芯薪芯胁邪	小褌邪谢懈薪	3
袗褋褌褉芯胁	小褌邪谢懈薪	3
袝卸芯胁	袥.袦. 袦邪褉褜褟褋懈薪邪	3
袥.袦. 袦邪褉褜褟褋懈薪邪	小褌邪谢懈薪	3
袚.肖. 袨胁褔懈薪薪懈泻芯胁邪	袝卸芯胁	3
袚.肖. 袨胁褔懈薪薪懈泻芯胁邪	小褌邪谢懈薪	3
袝卸芯胁	袥.肖. 袛懈褌褟褌械胁芯泄	3
袝卸芯胁	携.袗. 袥懈胁褕懈褑邪	3
小褌邪谢懈薪	携.袗. 袥懈胁褕懈褑邪	3
袝卸芯胁	袥.袩. 小械褉械斜褉褟泻芯胁褘屑	3
袥.袩. 小械褉械斜褉褟泻芯胁褘屑	小褌邪谢懈薪	3
袘.袦. 袨斜械褉褌邪谢谢械褉邪	袝卸芯胁	3
袘.袦. 袨斜械褉褌邪谢谢械褉邪	小褌邪谢懈薪	3
袝卸芯胁	袥.袩. 小械褉械斜褉褟泻芯胁邪	3
袥.袩. 小械褉械斜褉褟泻芯胁邪	小褌邪谢懈薪	3
袧.袦. 袥褍泻懈薪邪-袘褍褏邪褉懈薪邪	小褌邪谢懈薪	3
袘褍褏邪褉懈薪	袧.袦. 袥褍泻懈薪邪-袘褍褏邪褉懈薪邪	3
袝.肖. 袣褍谢懈泻芯胁邪	小褌邪谢懈薪	3
袝卸芯胁	袧.袩. 袚谢械斜芯胁-袗胁懈谢芯胁	3
袧.袩. 袚谢械斜芯胁-袗胁懈谢芯胁	小褌邪谢懈薪	3
袝卸芯胁	袧.袠. 袚芯褉写芯薪邪	3
袧.袠. 袚芯褉写芯薪邪	小褌邪谢懈薪	3
袗.挟. 孝懈胁械谢褟	袝卸芯胁	3
袙.袛. 袣邪褋锌邪褉芯胁芯泄	袝卸芯胁	3
袙.袛. 袣邪褋锌邪褉芯胁芯泄	小褌邪谢懈薪	3
袙.肖. 袥芯谐懈薪芯胁邪	小褌邪谢懈薪	3
袗.袗. 袛芯泻褍褔邪械胁邪	袝卸芯胁	3
袝卸芯胁	挟.袦. 袣芯褑褞斜懈薪褋泻芯谐芯	3
小褌邪谢懈薪	挟.袦. 袣芯褑褞斜懈薪褋泻芯谐芯	3
袝卸芯胁	袠.袦. 袚褍褉械胁懈褔邪	3
袚.袚. 携谐芯写邪	袩褟褌邪泻芯胁	3
袘.袠. 袣褍蟹褜屑懈褔械胁邪	袚.袚. 携谐芯写邪	3
袙.袗. 袘邪谢懈褑泻芯谐芯	袧.袙. 袚芯谢褍斜械薪泻芯	3
袚.袚. 携谐芯写邪	袠.袩. 袘邪泻邪械胁邪	3
袠.袩. 袘邪泻邪械胁邪	小褌邪谢懈薪	3
袙.袗. 孝械褉-袙邪谐邪薪褟薪	袚.袚. 携谐芯写邪	3
袙.袗. 孝械褉-袙邪谐邪薪褟薪	小褌邪谢懈薪	3
袚.袚. 携谐芯写邪	袥.肖. 袛懈褌褟褌械胁芯泄	3
袛.袗. 楔屑懈写褌邪	小褌邪谢懈薪	3
袝卸芯胁	袠.袧. 袦邪械胁褋泻芯谐芯	3
袠.袧. 袦邪械胁褋泻芯谐芯	小褌邪谢懈薪	3
袝卸芯胁	小.啸. 袙邪褉写邪薪懈邪薪邪	3
小.啸. 袙邪褉写邪薪懈邪薪邪	小褌邪谢懈薪	3
袝卸芯胁	啸.袚. 袪邪泻芯胁褋泻芯谐芯	3
袝卸芯胁	小.袗. 袪邪褌邪泄褔邪泻芯屑	3
小.袗. 袪邪褌邪泄褔邪泻芯屑	小褌邪谢懈薪	3
袗.携. 袙褘褕懈薪褋泻懈泄	袝卸芯胁	3
袚.袚. 携谐芯写邪	袧.袠. 袦芯褋泻邪谢械胁邪	3
袙.袚. 携泻芯胁械薪泻芯	袝卸芯胁	2
袙.袚. 携泻芯胁械薪泻芯	小褌邪谢懈薪	2
袝卸芯胁	袣.袧. 袥褍泻薪懈褑泻芯谐芯	2
袣.袧. 袥褍泻薪懈褑泻芯谐芯	小褌邪谢懈薪	2
袝卸芯胁	袥.袛. 袚芯谐芯斜械褉懈写蟹械	2
袥.袛. 袚芯谐芯斜械褉懈写蟹械	小褌邪谢懈薪	2
袙.袙. 楔屑懈写褌邪	小褌邪谢懈薪	2
袥.袩. 袘械褉懈懈	小褌邪谢懈薪	2
小褌邪谢懈薪	效谢械薪芯胁	2
袝卸芯胁	袦.肖. 袩芯褋褌芯谢芯胁褋泻芯谐芯	2
袦.肖. 袩芯褋褌芯谢芯胁褋泻芯谐芯	小褌邪谢懈薪	2
袙.袙. 袣褍蟹褜屑懈薪邪	袝卸芯胁	2
袝卸芯胁	袪邪写懈薪	2
袪邪写懈薪	小褌邪谢懈薪	2
袗.袦. 袥邪褉懈薪芯泄	小褌邪谢懈薪	2
袠.袣. 肖械写芯褌芯胁邪	小褌邪谢懈薪	2
袠.袠. 袚芯褉芯胁懈褔邪	小褌邪谢懈薪	2
袗.袚. 袣芯谢芯写懈薪邪	袚.袝. 袩褉芯泻芯褎褜械胁邪	2
袗.袚. 袣芯谢芯写懈薪邪	小褌邪谢懈薪	2
袝.袗. 袗褎邪薪邪褋褜械胁邪	袝卸芯胁	2
袗谐褉邪薪芯胁	袟懈薪芯胁褜械胁	2
袝卸芯胁	小.袚. 袪邪写芯屑褘褋谢褜褋泻芯谐芯	2
袗谐褉邪薪芯胁	袚.袚. 携谐芯写邪	2
袗.小. 袝薪褍泻懈写蟹械	袝卸芯胁	2
袗谐褉邪薪芯胁	袪.小. 袘械薪薪械褌	2
袝卸芯胁	袪.小. 袘械薪薪械褌	2
袝.袣. 袦褍褏邪薪芯胁芯泄	袧.袗. 袪芯蟹械薪褎械谢褜写	2
袗谐褉邪薪芯胁	袙.袚. 袘械谢芯胁邪	2
袙.袚. 袘械谢芯胁邪	袝卸芯胁	2
袗谐褉邪薪芯胁	袝.袣. 袦褍褏邪薪芯胁芯泄	2
袝.袣. 袦褍褏邪薪芯胁芯泄	袝卸芯胁	2
袚.袘. 小懈薪邪薪懈-小泻邪谢芯胁	袝卸芯胁	2
袝卸芯胁	袣邪屑械薪械胁	2
袝卸芯胁	袧.袘. 袪芯蟹械薪褎械谢褜写邪	2
袝卸芯胁	袟.袦. 袘械谢械薪褜泻芯谐芯	2
袟.袦. 袘械谢械薪褜泻芯谐芯	袦.肖. 楔泻懈褉褟褌芯胁褍	2
袟.袦. 袘械谢械薪褜泻芯谐芯	小褌邪谢懈薪	2
袚.袘. 小懈薪邪薪懈-小泻邪谢芯胁	袦.袘. 效械褉薪芯屑芯褉写懈泻褍	2
袛.小. 袗蟹斜械谢褟	袝卸芯胁	2
袗谐褉邪薪芯胁	袣.袣. 袦褍褏邪薪芯胁邪	2
袝卸芯胁	袣.袣. 袦褍褏邪薪芯胁邪	2
袗.肖. 楔邪褉邪锌芯胁芯泄	袗谐褉邪薪芯胁	2
袗.肖. 楔邪褉邪锌芯胁芯泄	袝卸芯胁	2
袝卸芯胁	袦.袦. 啸邪褉懈褌芯薪芯胁邪	2
袣邪屑械薪械胁	孝.袠. 袚谢械斜芯胁芯泄	2
袘.袧. 小邪褏芯胁邪	小褌邪谢懈薪	2
袚.袚. 携谐芯写邪	袠.孝. 小屑懈谢谐懈	2
袥.袗. 楔邪褑泻懈薪邪	小褌邪谢懈薪	2
袚.袝. 袝胁写芯泻懈屑芯胁邪	小褌邪谢懈薪	2
袚.袠. 小邪褎邪褉芯胁邪	袣邪屑械薪械胁	2
袚.袚. 携谐芯写邪	袦.袦. 啸邪褉懈褌芯薪芯胁邪	2
袙.袙. 袪褍屑褟薪褑械胁邪	袟懈薪芯胁褜械胁	2
袚.肖. 袩芯锌芯胁邪	袧.袧. 楔邪褌褋泻懈屑	2
袚.袣. 袨褉写卸芯薪懈泻懈写蟹械	小褌邪谢懈薪	2
袗褋褌褉芯胁	袝卸芯胁	2
袘.袚. 袣芯蟹械谢械胁邪	袝卸芯胁	2
袘.袚. 袣芯蟹械谢械胁邪	小褌邪谢懈薪	2
袙.肖. 袚芯谢芯胁懈薪邪	袝卸芯胁	2
袙.肖. 袚芯谢芯胁懈薪邪	小褌邪谢懈薪	2
袝卸芯胁	袥.小. 孝械褉-袦懈薪邪褋芯胁	2
袥.小. 孝械褉-袦懈薪邪褋芯胁	小褌邪谢懈薪	2
袛.袩. 袘褍褏邪褉褑械胁邪	袝卸芯胁	2
袛.袩. 袘褍褏邪褉褑械胁邪	小褌邪谢懈薪	2
袥.肖. 袛懈褌褟褌械胁芯泄	小褌邪谢懈薪	2
袙.袗. 袣芯褌芯胁邪	袝卸芯胁	2
袙.袗. 袣芯褌芯胁邪	小褌邪谢懈薪	2
袗.袦. 袟芯褉懈薪邪	袝卸芯胁	2
袗.袦. 袟芯褉懈薪邪	小褌邪谢懈薪	2
袗.袠. 小褌械褑泻芯谐芯	小褌邪谢懈薪	2
袝卸芯胁	袥.小. 袦邪屑懈褕胁懈谢懈-袦懈褕泻械胁懈褔	2
袥.小. 袦邪屑懈褕胁懈谢懈-袦懈褕泻械胁懈褔	小褌邪谢懈薪	2
袝卸芯胁	袣.小. 袛芯褉芯褎械械胁邪	2
袦.袩. 孝芯屑褋泻芯谐芯	小褌邪谢懈薪	2
袚.袚. 携谐芯写邪	袧.袧. 袗谢械泻褋械械胁邪	2
小屑懈褉薪芯胁	小褌邪谢懈薪	2
袟懈薪芯胁褜械胁	袥.袦. 袣邪谐邪薪芯胁懈褔	2
袛.孝. 楔械褉屑械褉谐芯褉薪邪	小褌邪谢懈薪	2
袝卸芯胁	袦.小. 袘芯谐褍褋谢邪胁褋泻芯谐芯	2
袦.小. 袘芯谐褍褋谢邪胁褋泻芯谐芯	小褌邪谢懈薪	2
袩褟褌邪泻芯胁	小芯泻芯谢褜薪懈泻芯胁	2
袝卸芯胁	袠.袛. 孝褍褉芯泻邪	2
袠.袛. 孝褍褉芯泻邪	小褌邪谢懈薪	2
袗.袛. 袟邪泄褑械胁邪	袝卸芯胁	2
袗.袛. 袟邪泄褑械胁邪	小褌邪谢懈薪	2
袗.袗. 啸胁褘谢懈	小褌邪谢懈薪	2
袝卸芯胁	袩.肖. 小邪锌芯卸薪懈泻芯胁邪	2
袩.肖. 小邪锌芯卸薪懈泻芯胁邪	小褌邪谢懈薪	2
袝卸芯胁	袨.袩. 袛蟹械薪懈褋邪	2
袨.袩. 袛蟹械薪懈褋邪	小褌邪谢懈薪	2
袗.袦. 楔褌械泄薪邪	袝卸芯胁	2
袗.袦. 楔褌械泄薪邪	小褌邪谢懈薪	2
袘.袗. 袣褍褕薪械褉邪	袝卸芯胁	2
袘.袗. 袣褍褕薪械褉邪	小褌邪谢懈薪	2
袝卸芯胁	袧.袠. 袦褍褉邪谢芯胁邪	2
袧.袠. 袦褍褉邪谢芯胁邪	小褌邪谢懈薪	2
袝卸芯胁	袠.袗. 袣薪褟蟹械胁邪	2
袥.袟. 袦械褏谢懈褋邪	小褌邪谢懈薪	2
袥.袟. 袦械褏谢懈褋邪	袩褟褌邪泻芯胁	2
袝卸芯胁	袦.袗. 袞邪褉懈泻芯胁邪	2
袦.袗. 袞邪褉懈泻芯胁邪	小褌邪谢懈薪	2
袙.袠. 袧械胁褋泻芯谐芯	袝卸芯胁	2
袙.袠. 袧械胁褋泻芯谐芯	小褌邪谢懈薪	2
袝卸芯胁	袥.袝. 孝邪屑屑邪	2
袥.袝. 孝邪屑屑邪	小褌邪谢懈薪	2
袥.小. 小芯褋薪芯胁褋泻芯谐芯	小褌邪谢懈薪	2
袙.袠. 袩褍褔泻芯胁邪	袝卸芯胁	2
袙.袠. 袩褍褔泻芯胁邪	小褌邪谢懈薪	2
袙.袦. 袩褉懈屑邪泻芯胁邪	袝卸芯胁	2
袗.袗. 袛芯泻褍褔邪械胁邪	小褌邪谢懈薪	2
袘.袦. 孝邪谢褟	袥.小. 小芯褋薪芯胁褋泻芯谐芯	2
袗.袠. 袩芯褌褟械胁邪	袝卸芯胁	2
袗.袠. 袩芯褌褟械胁邪	小褌邪谢懈薪	2
袚.袝. 袩褍褕懈薪邪	袝卸芯胁	2
袚.袝. 袩褍褕懈薪邪	小褌邪谢懈薪	2
袛.袠. 袦邪褌胁械械胁邪	袝卸芯胁	2
袛.袠. 袦邪褌胁械械胁邪	小褌邪谢懈薪	2
袧.袙. 袚芯谢褍斜械薪泻芯	小褌邪谢懈薪	2
袗.袠. 挟谢懈薪邪	袝卸芯胁	2
袗.袗. 楔械褋褌芯胁邪	小褌邪谢懈薪	2
袝卸芯胁	肖.袠. 袙邪泄褋斜械褉谐邪	2
袦.袧. 携泻芯胁谢械胁邪	小褌邪谢懈薪	2
袚.袗. 袣芯谢芯褋泻芯胁邪	袝卸芯胁	2
袚.袗. 袣芯谢芯褋泻芯胁邪	小褌邪谢懈薪	2
袙.袗. 袘邪谢懈褑泻芯谐芯	袠.袨. 袚芯谢褜写械薪斜械褉谐邪	2
袝卸芯胁	袠.袨. 袚芯谢褜写械薪斜械褉谐邪	2
袙.袗. 袘邪谢懈褑泻芯谐芯	袠.袦. 袚褍褉械胁懈褔邪	2
袚.袚. 携谐芯写邪	袝.肖. 袣褍谢懈泻芯胁邪	2
袝卸芯胁	袧.袠. 袦芯褋泻邪谢械胁邪	2
袙.袗. 袘邪谢懈褑泻芯谐芯	袙.肖. 袥芯谐懈薪芯胁邪	2
袚.袚. 携谐芯写邪	袦.袨. 袟褞泻邪	2
袘.袠. 袣褍蟹褜屑懈褔械胁邪	袝卸芯胁	2
袗.挟. 孝懈胁械谢褟	袚.袚. 携谐芯写邪	2
袚.袚. 携谐芯写邪	袩褉懈谐芯卸懈薪	2
袝卸芯胁	袩褉懈谐芯卸懈薪	2
袚.袦. 袗褉泻褍褋邪	袝卸芯胁	2
袝卸芯胁	小.袦. 袟邪泻褋-袚谢邪写薪械胁	2
袚.袚. 携谐芯写邪	袣.袘. 袘械褉屑邪薪-挟褉懈薪	2
袣.袘. 袘械褉屑邪薪-挟褉懈薪	小褌邪谢懈薪	2
袚.袚. 携谐芯写邪	小.携. 袘邪斜邪褏邪薪邪	2
小.携. 袘邪斜邪褏邪薪邪	小褌邪谢懈薪	2
袗.袙. 袚邪谢泻懈薪邪	袚.袚. 携谐芯写邪	2
袗.袙. 袚邪谢泻懈薪邪	小褌邪谢懈薪	2
袚.袚. 携谐芯写邪	袧.袥. 袥褍褉褜械	2
袚.袚. 携谐芯写邪	袛.袗. 楔屑懈写褌邪	2
袗.袠. 袘懈褉泻械薪谐芯褎邪	袚.袚. 携谐芯写邪	2
小褌邪谢懈薪	啸.袚. 袚褍褉械胁懈褔邪	2
袚.袚. 携谐芯写邪	袪邪写械泻	2
袚.袗. 袦芯谢褔邪薪芯胁邪	小褌邪谢懈薪	2
袣.袝. 袙芯褉芯褕懈谢芯胁邪	小褌邪谢懈薪	2
袠.袠. 袪械泄薪谐芯谢褜写邪	袥.携. 肖邪泄胁懈谢芯胁懈褔邪	2
袝.袣. 袣芯褉褕褍薪芯胁邪	袠.袩. 袘邪泻邪械胁邪	2
袚.袗. 袦芯谢褔邪薪芯胁邪	袝.袙. 笑械褌谢懈薪邪	2
袗谐褉邪薪芯胁	袚.袗. 袦芯谢褔邪薪芯胁邪	2
袗.携. 袙褘褕懈薪褋泻懈泄	袘褍褏邪褉懈薪	2
袝卸芯胁	携.袧. 袛褉芯斜薪懈褋邪	2
小褌邪谢懈薪	携.袧. 袛褉芯斜薪懈褋邪	2
袙.肖. 袥芯谐懈薪芯胁褘屑	小.袗. 袪邪褌邪泄褔邪泻芯屑	2
袚.袚. 携谐芯写邪	袛屑懈褌褉懈械胁	2
袚.袚. 携谐芯写邪	袚.小. 肖褉懈写谢褟薪写邪	2
袗.袠. 袘懈褉泻械薪谐芯褎邪	袚.袗. 袦芯谢褔邪薪芯胁邪	2
袘褍褏邪褉懈薪	袥.袙. 袣芯谐邪薪褍	1
袥.袙. 袣芯谐邪薪褍	袧.袛. 袟邪褉懈褑泻芯谐芯	1
袗.袦. 袥邪褉懈薪芯泄	袘褍褏邪褉懈薪	1
袟懈薪芯胁褜械胁	小.袦. 袚械褋褋械薪邪	1
袝卸芯胁	袧.袦. 袘褍泻邪谢芯胁邪	1
袧.袦. 袘褍泻邪谢芯胁邪	小褌邪谢懈薪	1
袗.肖. 校谢褜褟薪芯胁邪	袝卸芯胁	1
袗.肖. 校谢褜褟薪芯胁邪	小褌邪谢懈薪	1
袗谐褉邪薪芯胁	袘褍褏邪褉懈薪	1
袝卸芯胁	小.袦. 孝邪屑邪褉泻懈薪邪	1
小.袦. 孝邪屑邪褉泻懈薪邪	小褌邪谢懈薪	1
袝卸芯胁	袦.袥. 袥械胁懈薪邪	1
袦.袥. 袥械胁懈薪邪	小褌邪谢懈薪	1
袘.袥. 袣芯谢械褋薪懈泻芯胁邪	袝卸芯胁	1
袘.袥. 袣芯谢械褋薪懈泻芯胁邪	小褌邪谢懈薪	1
袛.袩. 袦邪褉械褑泻芯谐芯	袝卸芯胁	1
袛.袩. 袦邪褉械褑泻芯谐芯	小褌邪谢懈薪	1
袝卸芯胁	挟.袠. 袛褍泻邪褌邪	1
小褌邪谢懈薪	挟.袠. 袛褍泻邪褌邪	1
袘褍褏邪褉懈薪	效谢械薪芯胁	1
袚.小. 袚械褉邪褋懈屑邪褌芯	袝卸芯胁	1
袚.小. 袚械褉邪褋懈屑邪褌芯	小褌邪谢懈薪	1
袗.袗. 孝邪斜邪薪邪泻芯胁邪	袝卸芯胁	1
袗.袗. 孝邪斜邪薪邪泻芯胁邪	小褌邪谢懈薪	1
袙.袙. 楔屑懈写褌邪	袪褘泻芯胁	1
袪邪写懈薪	袪褘泻芯胁	1
袘.袩. 袧械褋褌械褉芯胁褘屑	袝卸芯胁	1
袘.袩. 袧械褋褌械褉芯胁褘屑	小褌邪谢懈薪	1
袘.袩. 袧械褋褌械褉芯胁褘屑	袪褘泻芯胁	1
袗.袛. 袗褉械褎褜械胁邪	袝卸芯胁	1
袗.袛. 袗褉械褎褜械胁邪	小褌邪谢懈薪	1
袝卸芯胁	携.袣. 携谐谢芯屑邪	1
小褌邪谢懈薪	携.袣. 携谐谢芯屑邪	1
袚.袚. 携谐芯写邪	袚邪胁械薪	1
袚邪胁械薪	小褌邪谢懈薪	1
袚.袝. 袩褉芯泻芯褎褜械胁邪	袨.袗. 袦械褕泻芯胁褋泻芯泄	1
袝卸芯胁	袨.袗. 袦械褕泻芯胁褋泻芯泄	1
袚.袝. 袩褉芯泻芯褎褜械胁邪	小.肖. 袙邪褋懈谢褜褔械薪泻芯	1
袝卸芯胁	小.肖. 袙邪褋懈谢褜褔械薪泻芯	1
袗.小. 小芯泻芯谢芯胁邪	袚.袚. 携谐芯写邪	1
袗.小. 小芯泻芯谢芯胁邪	小褌邪谢懈薪	1
袚.袝. 袩褉芯泻芯褎褜械胁邪	袠.袠. 孝褉褍褋芯胁邪	1
袠.袠. 孝褉褍褋芯胁邪	小褌邪谢懈薪	1
袚.袝. 袩褉芯泻芯褎褜械胁邪	楔械屑械谢械胁	1
袝卸芯胁	楔械屑械谢械胁	1
袗.袩. 袟邪谐芯褉褍谢褜泻芯	携.小. 袪芯蟹邪薪芯胁褘屑	1
袚.袝. 袩褉芯泻芯褎褜械胁邪	袦.袚. 小邪褎褜褟薪芯胁邪	1
袝卸芯胁	袦.袚. 小邪褎褜褟薪芯胁邪	1
袚.携. 袦邪褉械薪泻芯	携.小. 袪芯蟹邪薪芯胁褘屑	1
袗.携. 袙褘褕懈薪褋泻懈泄	袚.袚. 携谐芯写邪	1
袗.袠. 袘褉懈谐谐懈褋邪	袚.袝. 袩褉芯泻芯褎褜械胁邪	1
袗.袠. 袘褉懈谐谐懈褋邪	袝卸芯胁	1
袚.袝. 袩褉芯泻芯褎褜械胁邪	袚.袥. 啸邪褋懈薪邪	1
袚.袥. 啸邪褋懈薪邪	袝卸芯胁	1
袚.袝. 袩褉芯泻芯褎褜械胁邪	袠.袠. 袚芯褉芯胁懈褔邪	1
袚.袝. 袩褉芯泻芯褎褜械胁邪	袠.袧. 小褌褍泻芯胁邪	1
袝卸芯胁	袠.袧. 小褌褍泻芯胁邪	1
袚.袝. 袩褉芯泻芯褎褜械胁邪	袦芯谢芯褌芯胁	1
袚.袝. 袩褉芯泻芯褎褜械胁邪	袚.袩. 袙褟褌泻懈薪邪	1
袦芯谢芯褌芯胁	小褌邪谢懈薪	1
袚.袩. 袙褟褌泻懈薪邪	小褌邪谢懈薪	1
袚.袩. 袙褟褌泻懈薪邪	袦芯谢芯褌芯胁	1
袚.袩. 袙褟褌泻懈薪邪	袝卸芯胁	1
袚.袝. 袩褉芯泻芯褎褜械胁邪	肖.袗. 袚芯褉斜褍薪芯胁芯泄	1
袝卸芯胁	肖.袗. 袚芯褉斜褍薪芯胁芯泄	1
袗.袩. 袟邪谐芯褉褍谢褜泻芯	袦.袗. 袧褘褉褔褍泻邪	1
袙.袦. 袩芯锌芯胁邪	袚.袝. 袩褉芯泻芯褎褜械胁邪	1
袙.袦. 袩芯锌芯胁邪	袝卸芯胁	1
袚.袚. 携谐芯写邪	楔械屑械谢械胁	1
小褌邪谢懈薪	楔械屑械谢械胁	1
袚.袚. 携谐芯写邪	袥.袠. 袩芯薪芯屑邪褉械胁邪	1
袝卸芯胁	袥.袠. 袩芯薪芯屑邪褉械胁邪	1
袚.袚. 携谐芯写邪	袨谢褜斜械褉谐	1
袚.袝. 袩褉芯泻芯褎褜械胁邪	袦.袩. 袞邪泻芯胁邪	1
袦.袩. 袞邪泻芯胁邪	小褌邪谢懈薪	1
袦.袩. 袞邪泻芯胁邪	袦芯谢芯褌芯胁	1
袚.袝. 袩褉芯泻芯褎褜械胁邪	袣.袠. 袚懈写谢械胁褋泻芯谐芯	1
袝卸芯胁	袣.袠. 袚懈写谢械胁褋泻芯谐芯	1
袗.袧. 小邪褎芯薪芯胁芯泄	袚.袝. 袩褉芯泻芯褎褜械胁邪	1
袗.袧. 小邪褎芯薪芯胁芯泄	小褌邪谢懈薪	1
袚.袝. 袩褉芯泻芯褎褜械胁邪	袝.袠. 袦邪泄蟹谢懈薪芯泄	1
袝.袠. 袦邪泄蟹谢懈薪芯泄	袝卸芯胁	1
袗.袚. 袣芯谢芯写懈薪邪	袝卸芯胁	1
袚.袝. 袩褉芯泻芯褎褜械胁邪	袩.袗. 袣芯胁邪谢械薪泻芯	1
袝卸芯胁	袩.袗. 袣芯胁邪谢械薪泻芯	1
袚.袚. 携谐芯写邪	袠.袠. 袚芯褉芯胁懈褔邪	1
袗.袧. 袘褍褉芯胁邪	袝卸芯胁	1
袗谐褉邪薪芯胁	袝.肖. 袣褍谢懈泻芯胁邪	1
袗.袧. 小谢械锌泻芯胁邪	袚.袗. 袦芯谢褔邪薪芯胁邪	1
袗.袧. 小谢械锌泻芯胁邪	袝卸芯胁	1
袙.袙. 袨褋懈薪褋泻芯谐芯	袝卸芯胁	1
袗谐褉邪薪芯胁	袝.袗. 袗褎邪薪邪褋褜械胁邪	1
袟懈薪芯胁褜械胁	小芯泻芯谢褜薪懈泻芯胁	1
袙.袝. 笑械褋邪褉褋泻芯谐芯	袝卸芯胁	1
袟懈薪芯胁褜械胁	袦.袩. 孝芯屑褋泻芯谐芯	1
袝卸芯胁	袟.袝. 小邪褉泻懈褋褜褟薪邪	1
袚.袦. 袗褉泻褍褋邪	袥.袦. 袣邪谐邪薪芯胁懈褔	1
袗.小. 袝薪褍泻懈写蟹械	袙.袠. 楔懈锌懈褏懈薪邪	1
袗谐褉邪薪芯胁	袚.袠. 小邪褎邪褉芯胁邪	1
袝卸芯胁	袠.袗. 袦邪谢褜谐懈薪邪	1
袗.小. 袝薪褍泻懈写蟹械	袥.袟. 袦械褏谢懈褋邪	1
袗.小. 袝薪褍泻懈写蟹械	携.啸. 袩械褌械褉褋邪	1
袠.袗. 袗泻褍谢芯胁褍	袦.袠. 袚邪薪褕褌邪泻邪	1
袗.小. 袝薪褍泻懈写蟹械	袦.袠. 袚邪薪褕褌邪泻邪	1
袗.小. 袝薪褍泻懈写蟹械	袠.袗. 袗泻褍谢芯胁褍	1
袚.袚. 携谐芯写邪	袦.小. 袚芯谢械薪写芯	1
袝卸芯胁	袦.小. 袚芯谢械薪写芯	1
袚.袚. 携谐芯写邪	袧.袙. 袣芯屑芯谐芯褉芯胁邪	1
袧.袙. 袣芯屑芯谐芯褉芯胁邪	小褌邪谢懈薪	1
袚.袚. 携谐芯写邪	小.袚. 袪邪写芯屑褘褋谢褜褋泻芯谐芯	1
袟懈薪芯胁褜械胁	小.袚. 袪邪写芯屑褘褋谢褜褋泻芯谐芯	1
袗.袦. 袚褍褋械胁邪	袝卸芯胁	1
袝卸芯胁	袪.袗. 袩械褌械褉褋芯薪邪	1
袝.袧. 袙邪褋懈谢褜械胁邪	袝卸芯胁	1
袦.肖. 楔泻懈褉褟褌芯胁褍	袪.袗. 袩械褌械褉褋芯薪邪	1
袛.袠. 袗薪褌懈锌邪褋邪	袪.袗. 袩械褌械褉褋芯薪邪	1
袛.袠. 袗薪褌懈锌邪褋邪	袦.肖. 楔泻懈褉褟褌芯胁褍	1
袝.袧. 袙邪褋懈谢褜械胁邪	袦.肖. 楔泻懈褉褟褌芯胁褍	1
袙.袣. 小芯褌褋泻芯胁邪	袦.肖. 楔泻懈褉褟褌芯胁褍	1
袙.袙. 袨褋懈薪褋泻芯谐芯	小褌邪谢懈薪	1
袗谐褉邪薪芯胁	袙.袦. 袪芯褏懈薪褋芯薪邪	1
袙.袦. 袪芯褏懈薪褋芯薪邪	袝卸芯胁	1
袗.袧. 袩芯褋泻褉械斜褘褕械胁褍	袗.小. 袣褍泻谢懈薪邪	1
袗谐褉邪薪芯胁	挟.袛. 校褉褍褋芯胁邪	1
袝卸芯胁	挟.袛. 校褉褍褋芯胁邪	1
袗谐褉邪薪芯胁	袥.袗. 袙芯褉芯薪芯胁邪	1
袝卸芯胁	袥.袗. 袙芯褉芯薪芯胁邪	1
袟.袠. 袛邪胁褘写芯胁芯泄	袧.袗. 袪芯蟹械薪褎械谢褜写	1
袘.袧. 袪芯蟹械薪褎械谢褜写邪	袝.袣. 袦褍褏邪薪芯胁芯泄	1
袗谐褉邪薪芯胁	袘.袧. 袪芯蟹械薪褎械谢褜写邪	1
袘.袧. 袪芯蟹械薪褎械谢褜写邪	袝卸芯胁	1
袧.袧. 袦懈褖械薪泻芯	袩.肖. 袩芯谢褟泻芯胁褘屑	1
袗.袗. 袚邪褉写懈薪-袚械泄械褉	袗谐褉邪薪芯胁	1
袗.袗. 袚邪褉写懈薪-袚械泄械褉	袝卸芯胁	1
袝.袣. 袦褍褏邪薪芯胁芯泄	袟.袠. 袛邪胁褘写芯胁芯泄	1
袟.袠. 袛邪胁褘写芯胁芯泄	袧.袠. 袘褍褉邪谐芯	1
袗谐褉邪薪芯胁	袧.袠. 袘褍褉邪谐芯	1
袝卸芯胁	袧.袠. 袘褍褉邪谐芯	1
袗谐褉邪薪芯胁	袚.袘. 小懈薪邪薪懈-小泻邪谢芯胁	1
袙.携. 袚芯谢芯胁褋泻懈泄-袚芯谢芯褖邪锌芯胁	袣.袣. 袦褍褏邪薪芯胁褘屑	1
袗谐褉邪薪芯胁	肖.袚. 袠胁邪薪芯胁邪	1
袝卸芯胁	肖.袚. 袠胁邪薪芯胁邪	1
袗.袙. 袘芯褔邪褉芯胁邪	袗谐褉邪薪芯胁	1
袗.袙. 袘芯褔邪褉芯胁邪	袝卸芯胁	1
袚.袘. 袥懈斜械褉屑邪薪邪	袚.袚. 携谐芯写邪	1
袚.袘. 袥懈斜械褉屑邪薪邪	袝卸芯胁	1
袛.袠. 袗薪褌懈锌邪褋邪	袝卸芯胁	1
袦.肖. 楔泻懈褉褟褌芯胁褍	小.袩. 孝械褉懈褏芯胁邪	1
袚.袘. 小懈薪邪薪懈-小泻邪谢芯胁	袚.袚. 携谐芯写邪	1
袚.袚. 携谐芯写邪	袧.袘. 小泻邪谢芯胁芯泄	1
袝卸芯胁	袧.袘. 小泻邪谢芯胁芯泄	1
袚.袚. 携谐芯写邪	袧.袘. 袪芯蟹械薪褎械谢褜写邪	1
袝.袛. 小芯泻芯谢芯胁芯泄	袦.肖. 楔泻懈褉褟褌芯胁褍	1
袙.袛. 袙褍泄芯胁懈褔械屑	袚.袚. 携谐芯写邪	1
袙.袛. 袙褍泄芯胁懈褔械屑	袝卸芯胁	1
袙.袛. 袙褍泄芯胁懈褔械屑	袟懈薪芯胁褜械胁	1
袚.袚. 携谐芯写邪	袦.袦. 袦懈褏邪泄谢芯胁邪	1
袝卸芯胁	袦.袦. 袦懈褏邪泄谢芯胁邪	1
袝卸芯胁	袦.肖. 楔泻懈褉褟褌芯胁褍	1
袘.袗. 袙邪褋懈谢褜械胁邪	袦.袘. 效械褉薪芯屑芯褉写懈泻褍	1
袘.袗. 袙邪褋懈谢褜械胁邪	袚.袘. 小懈薪邪薪懈-小泻邪谢芯胁	1
袚.袚. 携谐芯写邪	袛.小. 袗蟹斜械谢褟	1
袗.携. 小胁械褉写谢芯胁邪	袗谐褉邪薪芯胁	1
袝卸芯胁	小.袧. 笑褘斜褍谢褜薪懈泻邪	1
袗.小. 袣褍泻谢懈薪邪	袗.携. 袙褘褕懈薪褋泻懈泄	1
袗.小. 袣褍泻谢懈薪邪	小褌邪谢懈薪	1
袗谐褉邪薪芯胁	袛.小. 袗蟹斜械谢褟	1
袝.肖. 袝褉屑芯谢邪械胁芯泄	袝卸芯胁	1
袗谐褉邪薪芯胁	袧.袘. 袪芯蟹械薪褎械谢褜写邪	1
袗谐褉邪薪芯胁	袥.携. 袧械褏邪屑泻懈薪邪	1
袝卸芯胁	袥.携. 袧械褏邪屑泻懈薪邪	1
袣邪屑械薪械胁	袧.袗. 袪芯蟹械薪褎械谢褜写	1
袝.袣. 袦褍褏邪薪芯胁芯泄	袣邪屑械薪械胁	1
袛.小. 孝邪泄褑邪	袦.袠. 袚邪褟	1
袙.袛. 袙褍泄芯胁懈褔邪	袚.袚. 携谐芯写邪	1
袣.袝. 袙芯褉芯褕懈谢芯胁邪	袦.袠. 袣邪褖械械胁邪	1
袦.袠. 袣邪褖械械胁邪	小褌邪谢懈薪	1
袚.袚. 携谐芯写邪	袧.袗. 袪芯蟹械薪褎械谢褜写	1
袙.袚. 袛芯褉芯褕懈薪邪	袚.袚. 携谐芯写邪	1
袙.袚. 袛芯褉芯褕懈薪邪	小褌邪谢懈薪	1
袗.袠. 小懈薪械谢芯斜芯胁邪	袗谐褉邪薪芯胁	1
袗.袠. 小懈薪械谢芯斜芯胁邪	小褌邪谢懈薪	1
袗.袦. 袚芯褉褜泻芯屑褍	袟懈薪芯胁褜械胁	1
袚.袦. 袦邪谢械薪泻芯胁邪	小褌邪谢懈薪	1
袚.袦. 袦邪谢械薪泻芯胁邪	袥.袦. 袣邪谐邪薪芯胁懈褔	1
袚.袦. 袦邪谢械薪泻芯胁邪	袣.小. 袦芯写械斜邪写蟹械	1
袣.小. 袦芯写械斜邪写蟹械	小褌邪谢懈薪	1
袣.小. 袦芯写械斜邪写蟹械	袥.袦. 袣邪谐邪薪芯胁懈褔	1
袚.袚. 携谐芯写邪	袣.袝. 袙芯褉芯褕懈谢芯胁邪	1
袣.袝. 袙芯褉芯褕懈谢芯胁邪	小.袙. 袦褉邪褔泻芯胁褋泻懈泄	1
袚.袘. 小懈薪邪薪懈-小泻邪谢芯胁	袛.袟. 袦邪薪褍懈谢褜褋泻芯屑褍	1
袩.袗. 袟邪谢褍褑泻芯谐芯	小褌邪谢懈薪	1
袥.袦. 袣邪谐邪薪芯胁懈褔	孝.袠. 袚谢械斜芯胁芯泄	1
袗谐褉邪薪芯胁	携.袪. 袝谢褜泻芯胁懈褔邪	1
袗.袝. 袗胁写械械胁芯泄	袝.小. 袦懈褕邪泻芯胁芯泄	1
袚.袚. 携谐芯写邪	袦.小. 袞邪谢褘斜懈薪邪-袘褘泻芯胁邪	1
袦.小. 袞邪谢褘斜懈薪邪-袘褘泻芯胁邪	小褌邪谢懈薪	1
袗.袦. 袚芯褉褜泻芯屑褍	袣邪屑械薪械胁	1
袥.携. 肖邪泄胁懈谢芯胁懈褔邪	小褌邪谢懈薪	1
袚.袝. 袝胁写芯泻懈屑芯胁褘屑	袟懈薪芯胁褜械胁	1
袟懈薪芯胁褜械胁	袧.袗. 笑邪褉褜泻芯胁邪	1
袚.袠. 小邪褎邪褉芯胁褘屑	袟懈薪芯胁褜械胁	1
袟懈薪芯胁褜械胁	袦.袦. 啸邪褉懈褌芯薪芯胁褘屑	1
袟懈薪芯胁褜械胁	袣懈褉芯胁	1
袥.袦. 袣邪谐邪薪芯胁懈褔	袦.袦. 啸邪褉懈褌芯薪芯胁邪	1
袗.袙. 袩械褉懈屑芯胁褘屑	袠.小. 袚芯褉褕械薪懈薪褘屑	1
袠.袩. 袘邪泻邪械胁褘屑	袠.小. 袚芯褉褕械薪懈薪褘屑	1
袚.袝. 袝胁写芯泻懈屑芯胁褘屑	携.袙. 楔邪褉芯胁邪	1
袚.袝. 袝胁写芯泻懈屑芯胁褘屑	袠.小. 袚芯褉褕械薪懈薪褘屑	1
袚.袝. 袝胁写芯泻懈屑芯胁褘屑	袠.袩. 袘邪泻邪械胁褘屑	1
袠.袠. 孝邪褉邪褋芯胁邪	小褌邪谢懈薪	1
袗.袙. 袚械褉褑斜械褉谐邪	袗.小. 袣褍泻谢懈薪褘屑	1
袣懈褉芯胁	小.袦. 袚械褋褋械薪邪	1
袗.袦. 袚械褉褌懈泻邪	袣懈褉芯胁	1
袗.袦. 袚械褉褌懈泻邪	袠.小. 袚芯褉褕械薪懈薪褘屑	1
袛.袗. 袗薪懈泻懈薪褘屑	小.袧. 袘芯谐褉邪褔械胁褘屑	1
袗.袙. 袚械褉褑斜械褉谐邪	袚.袠. 小邪褎邪褉芯胁褘屑	1
袠.袠. 孝邪褉邪褋芯胁褘屑	袥.携. 肖邪泄胁懈谢芯胁懈褔械屑	1
袠.小. 袚芯褉褕械薪懈薪褘屑	携.袙. 楔邪褉芯胁邪	1
袚.肖. 袩芯锌芯胁邪	袩.袩. 小械胁械褉芯胁褘屑	1
袘.袧. 小邪褏芯胁邪	袚.袠. 小邪褎邪褉芯胁褘屑	1
袗.袙. 袪褍屑褟薪褑械胁邪	小褌邪谢懈薪	1
袚.肖. 袩芯锌芯胁邪	袩.袗. 袣芯褉泻懈薪褍	1
袚.袚. 携谐芯写邪	小.小. 袟芯褉懈薪邪	1
袗.袚. 楔谢褟锌薪懈泻芯胁邪	袚.袚. 携谐芯写邪	1
袚.袚. 携谐芯写邪	袧.袗. 袝屑械谢褜褟薪芯胁邪	1
小.小. 袟芯褉懈薪邪	小褌邪谢懈薪	1
袗.袚. 楔谢褟锌薪懈泻芯胁邪	小褌邪谢懈薪	1
袧.袗. 袝屑械谢褜褟薪芯胁邪	小褌邪谢懈薪	1
袠.孝. 小屑懈谢谐懈	小褌邪谢懈薪	1
袗.袚. 楔谢褟锌薪懈泻芯胁邪	小.小. 袟芯褉懈薪邪	1
袧.袗. 袝屑械谢褜褟薪芯胁邪	小.小. 袟芯褉懈薪邪	1
袠.孝. 小屑懈谢谐懈	小.小. 袟芯褉懈薪邪	1
袗.袚. 楔谢褟锌薪懈泻芯胁邪	袧.袗. 袝屑械谢褜褟薪芯胁邪	1
袗.袚. 楔谢褟锌薪懈泻芯胁邪	袠.孝. 小屑懈谢谐懈	1
袠.孝. 小屑懈谢谐懈	袧.袗. 袝屑械谢褜褟薪芯胁邪	1
袗.小. 袣褍泻谢懈薪褘屑	袚.肖. 肖械写芯褉芯胁褘屑	1
袗.袠. 袗薪懈褕械胁褘屑	袗.袦. 袚械褉褌懈泻邪	1
袚.袘. 小懈薪邪薪懈-小泻邪谢芯胁	袥.袠. 袦邪写褜褟褉芯屑	1
袚.袝. 袝胁写芯泻懈屑芯胁邪	袥.袗. 楔邪褑泻懈薪邪	1
袣邪屑械薪械胁	袥.袗. 楔邪褑泻懈薪邪	1
袚.袝. 袝胁写芯泻懈屑芯胁邪	袣邪屑械薪械胁	1
袗.小. 袝薪褍泻懈写蟹械	小褌邪谢懈薪	1
袙.袙. 袥芯屑懈薪邪写蟹械	小褌邪谢懈薪	1
袙.袙. 袥芯屑懈薪邪写蟹械	袣邪屑械薪械胁	1
袙.袙. 袥芯屑懈薪邪写蟹械	袚.袠. 小邪褎邪褉芯胁邪	1
袗.袠. 孝芯谢屑邪蟹芯胁褘屑	袠.袠. 袣芯褌芯谢褘薪芯胁褘屑	1
袙.袙. 袪褍屑褟薪褑械胁褘屑	袧.小. 袗薪褌芯薪芯胁褘屑	1
袙.小. 袥械胁懈薪邪	袧.袩. 袦褟褋薪懈泻芯胁褘屑	1
袥.袠. 小芯褋懈褑泻懈屑	袧.袩. 袦褟褋薪懈泻芯胁褘屑	1
袣懈褉芯胁	袥.袠. 小芯褋懈褑泻懈屑	1
袠.袣. 袧邪褍屑芯胁邪	小芯泻芯谢褜薪懈泻芯胁	1
袠.袣. 袧邪褍屑芯胁邪	小褌邪谢懈薪	1
袙.袙. 袪褍屑褟薪褑械胁褘屑	袠.袠. 孝邪褉邪褋芯胁褘屑	1
袗谐褉邪薪芯胁	袠.袩. 袘邪泻邪械胁邪	1
袥.袙. 袧懈泻芯谢邪械胁褘屑	袧.袧. 楔邪褌褋泻懈屑	1
袠.袚. 挟褋泻懈薪邪	袥.袙. 袧懈泻芯谢邪械胁褘屑	1
袚.袙. 小芯泻芯谢芯胁褘屑	袥.袙. 袧懈泻芯谢邪械胁褘屑	1
袙.袙. 袪褍屑褟薪褑械胁邪	小褌邪谢懈薪	1
袙.袙. 袪褍屑褟薪褑械胁褘屑	袧.袩. 袦褟褋薪懈泻芯胁褘屑	1
袙.袠. 袟胁械蟹写芯胁褘屑	袚.袙. 小芯泻芯谢芯胁褘屑	1
袠.袠. 袣芯褌芯谢褘薪芯胁褘屑	袥.袙. 袧懈泻芯谢邪械胁褘屑	1
袙.袠. 袟胁械蟹写芯胁褘屑	袧.小. 袗薪褌芯薪芯胁褘屑	1
袠.袠. 袣芯褌芯谢褘薪芯胁褘屑	袧.小. 袗薪褌芯薪芯胁褘屑	1
袚.袚. 携谐芯写邪	袚.袠. 小邪褎邪褉芯胁邪	1
袟懈薪芯胁褜械胁	袣邪屑械薪械胁	1
袚.袠. 小邪褎邪褉芯胁邪	袟懈薪芯胁褜械胁	1
袘褍褏邪褉懈薪	袚.袣. 袨褉写卸芯薪懈泻懈写蟹械	1
小褌邪谢懈薪	肖.袛. 袣芯褉薪褞褕懈薪邪	1
袠.协. 携泻懈褉械	肖.袛. 袣芯褉薪褞褕懈薪邪	1
袠.协. 携泻懈褉械	小褌邪谢懈薪	1
袦.袩. 袩褉懈斜褘谢芯胁褋泻芯谐芯	小褌邪谢懈薪	1
袟懈薪芯胁褜械胁	袦.袩. 袩褉懈斜褘谢芯胁褋泻芯谐芯	1
袝卸芯胁	袩.袧. 袪芯泻芯褋邪	1
袩.袧. 袪芯泻芯褋邪	小褌邪谢懈薪	1
袝卸芯胁	小.袗. 袚芯谐谢懈写蟹械	1
小.袗. 袚芯谐谢懈写蟹械	小褌邪谢懈薪	1
袙.袛. 孝芯屑谢械薪芯胁邪	袝卸芯胁	1
袙.袛. 孝芯屑谢械薪芯胁邪	小褌邪谢懈薪	1
袙.袧. 小谢械锌泻芯胁邪	袝卸芯胁	1
袙.袧. 小谢械锌泻芯胁邪	小褌邪谢懈薪	1
袝卸芯胁	袦.袗. 袪芯蟹械薪褑胁械泄谐邪	1
袦.袗. 袪芯蟹械薪褑胁械泄谐邪	小褌邪谢懈薪	1
袝卸芯胁	袣.袗. 袨谐邪薪械褋芯胁邪	1
袣.袗. 袨谐邪薪械褋芯胁邪	小褌邪谢懈薪	1
袝卸芯胁	小.袙. 袧芯褋芯胁邪	1
小.袙. 袧芯褋芯胁邪	小褌邪谢懈薪	1
袝卸芯胁	小.袩. 袣邪谢邪褕薪懈泻芯胁邪	1
小.袩. 袣邪谢邪褕薪懈泻芯胁邪	小褌邪谢懈薪	1
袦.小. 袨泻褍写卸邪胁褘	小.袗. 袚芯谐谢懈写蟹械	1
袛.袩. 袪芯蟹懈褌邪	袝卸芯胁	1
袛.袩. 袪芯蟹懈褌邪	小褌邪谢懈薪	1
袝卸芯胁	携.挟. 啸邪褉懈褌邪	1
小褌邪谢懈薪	携.挟. 啸邪褉懈褌邪	1
袚.袗. 孝邪褌褍谢芯胁褘屑	小.啸. 袙邪褉写邪薪懈邪薪邪	1
袥.小. 孝械褉-袦懈薪邪褋芯胁	小.啸. 袙邪褉写邪薪懈邪薪邪	1
袙.袧. 携泻芯胁谢械胁芯泄	袦.肖. 楔泻懈褉褟褌芯胁褍	1
袙.袧. 携泻芯胁谢械胁芯泄	小褌邪谢懈薪	1
袣.袛. 袦褍褔薪懈泻芯胁褘屑	袦.袙. 袘褍褉褕褌械泄薪芯屑	1
袦.袙. 袘褍褉褕褌械泄薪芯屑	袦.袦. 袛芯屑斜褉芯胁褋泻懈屑	1
袝卸芯胁	小.小. 袪邪胁胁褘	1
小.小. 袪邪胁胁褘	小褌邪谢懈薪	1
袝卸芯胁	袩.袣. 袗谢械泻褋邪薪写褉芯胁邪	1
袩.袣. 袗谢械泻褋邪薪写褉芯胁邪	小褌邪谢懈薪	1
袗.袦. 袧械锌芯屑薪褟褖械谐芯	袚.袣. 袨褉写卸芯薪懈泻懈写蟹械	1
袘.袚. 袦写懈胁邪薪懈	袝卸芯胁	1
袘.袚. 袦写懈胁邪薪懈	小褌邪谢懈薪	1
袗.袠. 袣邪褉屑邪谢懈褌芯胁邪	袝卸芯胁	1
袗.袠. 袣邪褉屑邪谢懈褌芯胁邪	小褌邪谢懈薪	1
袘.袩. 袧械褋褌械褉芯胁邪	袝卸芯胁	1
袘.袩. 袧械褋褌械褉芯胁邪	小褌邪谢懈薪	1
袗.袠. 袝屑褕邪薪芯胁邪	袗谐褉邪薪芯胁	1
袗.袠. 袝屑褕邪薪芯胁邪	小褌邪谢懈薪	1
袝卸芯胁	袦.袙. 袘褍褉褕褌械泄薪芯屑	1
袦.袙. 袘褍褉褕褌械泄薪芯屑	小褌邪谢懈薪	1
袘.袝. 袗谢写邪写邪薪芯胁邪	袝卸芯胁	1
袘.袝. 袗谢写邪写邪薪芯胁邪	小褌邪谢懈薪	1
袛.携. 袗谢械泻褋邪薪写褉芯胁邪	袝卸芯胁	1
袛.携. 袗谢械泻褋邪薪写褉芯胁邪	小褌邪谢懈薪	1
袝卸芯胁	袠.袧. 袦懈褉芯薪芯胁邪	1
袠.袧. 袦懈褉芯薪芯胁邪	小褌邪谢懈薪	1
袗.袙. 孝褉邪胁懈薪芯泄	袝卸芯胁	1
袗.袙. 孝褉邪胁懈薪芯泄	小褌邪谢懈薪	1
袝卸芯胁	袦.携. 袣邪褉锌芯胁邪	1
袦.携. 袣邪褉锌芯胁邪	小褌邪谢懈薪	1
袝卸芯胁	袣.袦. 袝褉芯褎懈褑泻芯谐芯	1
袣.袦. 袝褉芯褎懈褑泻芯谐芯	小褌邪谢懈薪	1
袣.小. 袛芯褉芯褎械械胁邪	小褌邪谢懈薪	1
袦.袠. 袣邪褏懈邪薪懈	小褌邪谢懈薪	1
袝卸芯胁	袦.袠. 袣邪褏懈邪薪懈	1
袥.袦. 袣邪谐邪薪芯胁懈褔	袦.袠. 袣邪褏懈邪薪懈	1
袠.袧. 袦邪械胁褋泻芯谐芯	袦.袠. 袣邪褏懈邪薪懈	1
袠.袧. 袦邪械胁褋泻芯谐芯	袥.袦. 袣邪谐邪薪芯胁懈褔	1
袝卸芯胁	袥.携. 袥褞斜邪褉褋泻芯谐芯	1
袥.携. 袥褞斜邪褉褋泻芯谐芯	小褌邪谢懈薪	1
袝卸芯胁	袦.袚. 袚褉芯谢褜屑邪薪邪	1
袦.袚. 袚褉芯谢褜屑邪薪邪	小褌邪谢懈薪	1
袦.袦. 袥懈褌胁懈薪芯胁邪	小褌邪谢懈薪	1
袙.袩. 袩芯褌械屑泻懈薪邪	小褌邪谢懈薪	1
袗.袦. 袥褍褑褍泻邪	袝卸芯胁	1
袗.袦. 袥褍褑褍泻邪	小褌邪谢懈薪	1
袗.袗. 孝褉芯褟薪芯胁褋泻芯谐芯	袧.袧. 袣褉械褋褌懈薪褋泻芯谐芯	1
袙.袙. 校谢褜褉懈褏褍	啸.袚. 袪邪泻芯胁褋泻芯谐芯	1
袙.袙. 校谢褜褉懈褏褍	袝卸芯胁	1
袗.袠. 袦褍褉邪谢芯胁邪	袥.袟. 袦械褏谢懈褋邪	1
袦.袠. 袣邪谢懈薪懈薪褍	小褌邪谢懈薪	1
袝卸芯胁	孝.袪. 袥械胁懈薪芯泄	1
小褌邪谢懈薪	孝.袪. 袥械胁懈薪芯泄	1
袗.袧. 小谢械锌泻芯胁邪	袗谐褉邪薪芯胁	1
袗.袧. 小谢械锌泻芯胁邪	小褌邪谢懈薪	1
袗谐褉邪薪芯胁	袩.袚. 袩械褌褉芯胁褋泻芯谐芯	1
袩.袚. 袩械褌褉芯胁褋泻芯谐芯	小褌邪谢懈薪	1
袚.袚. 携谐芯写邪	袣.袠. 袚褉褞薪褕褌械泄薪邪	1
袣.袠. 袚褉褞薪褕褌械泄薪邪	小褌邪谢懈薪	1
袝.袙. 笑械褌谢懈薪邪	携.协. 袪褍写蟹褍褌邪泻褍	1
小褌邪谢懈薪	携.协. 袪褍写蟹褍褌邪泻褍	1
袗谐褉邪薪芯胁	携.协. 袪褍写蟹褍褌邪泻褍	1
袚.袗. 袦芯谢褔邪薪芯胁邪	携.协. 袪褍写蟹褍褌邪泻褍	1
袗.挟. 袗泄褏械薪胁邪谢褜写邪	袛.袗. 小薪懈褌泻懈薪褘屑	1
袚.袚. 携谐芯写邪	袝.袙. 笑械褌谢懈薪邪	1
袗.挟. 袗泄褏械薪胁邪谢褜写邪	袗褋褌褉芯胁	1
袗谐褉邪薪芯胁	袩.袣. 袘邪褕械薪泻芯胁邪	1
袩.袣. 袘邪褕械薪泻芯胁邪	小褌邪谢懈薪	1
袗谐褉邪薪芯胁	袗褋褌褉芯胁	1
小褌邪谢懈薪	协.袟. 袚芯谢褜写械薪斜械褉谐邪	1
袗.袛. 袗褉械褎褜械胁褘屑	袗.袧. 小谢械锌泻芯胁褘屑	1
袛.肖. 袘褍蟹懈薪褘屑	袧.袗. 校谐谢邪薪芯胁褘屑	1
袗谐褉邪薪芯胁	袛.肖. 袘褍蟹懈薪邪	1
袛.肖. 袘褍蟹懈薪邪	小褌邪谢懈薪	1
袧.袗. 校谐谢邪薪芯胁邪	小褌邪谢懈薪	1
袗谐褉邪薪芯胁	袙.袙. 袣褍蟹褜屑懈薪邪	1
袗.挟. 袗泄褏械薪胁邪谢褜写邪	小褌邪谢懈薪	1
袙.袙. 袣褍蟹褜屑懈薪邪	袚.袚. 携谐芯写邪	1
袝.袦. 携褉芯褋谢邪胁褋泻懈屑	袣邪屑械薪械胁	1
袗.袠. 袪邪屑屑-袩褎械屑褎械褉褌	袥.袛. 孝褉芯褑泻懈泄	1
袦.小. 袘芯谐褍褋谢邪胁褋泻芯谐芯	小屑懈褉薪芯胁	1
袝.袗. 袩褉械芯斜褉邪卸械薪褋泻芯谐芯	袪邪写械泻	1
袝.袗. 袩褉械芯斜褉邪卸械薪褋泻芯谐芯	袠.孝. 小屑懈谢谐懈	1
袠.孝. 小屑懈谢谐懈	袪邪写械泻	1
袙.袗. 袗薪褌芯薪芯胁-袨胁褋械械薪泻芯	袧.袧. 袣褉械褋褌懈薪褋泻芯谐芯	1
小褌邪谢懈薪	啸.袚. 袪邪泻芯胁褋泻芯谐芯	1
小褌邪谢懈薪	啸.袗. 袥懈胁褕懈褑	1
袙.袩. 袩芯褌械屑泻懈薪邪	袧.袧. 袣褉械褋褌懈薪褋泻芯谐芯	1
袗.袣. 携蟹芯胁褋泻懈褏	袝卸芯胁	1
袗.袣. 携蟹芯胁褋泻懈褏	小褌邪谢懈薪	1
袚.袗. 孝邪褌褍谢芯胁邪	袝卸芯胁	1
袚.袗. 孝邪褌褍谢芯胁邪	小褌邪谢懈薪	1
袙.袩. 楔械胁械谢械胁-袥褍斜泻芯胁	袝卸芯胁	1
袙.袩. 楔械胁械谢械胁-袥褍斜泻芯胁	小褌邪谢懈薪	1
袝卸芯胁	袦.袦. 袣邪褉锌芯胁邪	1
袦.袦. 袣邪褉锌芯胁邪	小褌邪谢懈薪	1
袝卸芯胁	肖.袩. 袦械写胁械写械胁邪	1
小褌邪谢懈薪	肖.袩. 袦械写胁械写械胁邪	1
袝卸芯胁	袪.袠. 孝芯写芯褉褋泻芯泄	1
袪.袠. 孝芯写芯褉褋泻芯泄	小褌邪谢懈薪	1
袗谐褉邪薪芯胁	袛.孝. 楔械褉屑械褉谐芯褉薪邪	1
袝卸芯胁	袦.袙. 袣褍蟹薪械褑芯胁邪	1
袝卸芯胁	袥.袥. 袗胁械褉斜邪褏械	1
袦.袙. 袣褍蟹薪械褑芯胁邪	小褌邪谢懈薪	1
袥.袥. 袗胁械褉斜邪褏械	小褌邪谢懈薪	1
袥.袥. 袗胁械褉斜邪褏械	袦.袙. 袣褍蟹薪械褑芯胁邪	1
袩褟褌邪泻芯胁	携.袧. 袛褉芯斜薪懈褋邪	1
袥.袩. 小械褉械斜褉褟泻芯胁褘屑	袪邪写械泻	1
袝卸芯胁	小.袠. 袣邪胁褌邪褉邪写蟹械	1
小.袠. 袣邪胁褌邪褉邪写蟹械	小褌邪谢懈薪	1
袝卸芯胁	携.袗. 袥懈胁褕懈褑械屑	1
小褌邪谢懈薪	携.袗. 袥懈胁褕懈褑械屑	1
袥.袩. 小械褉械斜褉褟泻芯胁褘屑	携.袗. 袥懈胁褕懈褑械屑	1
袝.袘. 肖械写芯褋械械胁邪	袝卸芯胁	1
袝.袘. 肖械写芯褋械械胁邪	小褌邪谢懈薪	1
袥.袩. 小械褉械斜褉褟泻芯胁褘屑	袩褟褌邪泻芯胁	1
袩褟褌邪泻芯胁	小.袗. 袪邪褌邪泄褔邪泻芯屑	1
袝卸芯胁	袣.袙. 孝褉芯褎懈屑芯胁邪	1
袣.袙. 孝褉芯褎懈屑芯胁邪	小褌邪谢懈薪	1
袪邪写械泻	小芯泻芯谢褜薪懈泻芯胁	1
袩褟褌邪泻芯胁	袪邪写械泻	1
袝卸芯胁	袟.袗. 袗褕褉邪褎褟薪邪	1
袟.袗. 袗褕褉邪褎褟薪邪	小褌邪谢懈薪	1
袝卸芯胁	袨.肖. 携薪泻褍褋邪	1
袨.肖. 携薪泻褍褋邪	小褌邪谢懈薪	1
袘褍褏邪褉懈薪	袪邪写械泻	1
袗褋褌褉芯胁	袘褍褏邪褉懈薪	1
袛.小. 袟械薪褑芯胁邪	袝卸芯胁	1
袛.小. 袟械薪褑芯胁邪	小褌邪谢懈薪	1
袝.袦. 袦邪薪褞褉懈薪-袘褉芯胁邪褉褋泻懈泄	袝卸芯胁	1
袝.袦. 袦邪薪褞褉懈薪-袘褉芯胁邪褉褋泻懈泄	小褌邪谢懈薪	1
袛.袦. 袥褍锌邪褕泻芯	袝卸芯胁	1
袛.袦. 袥褍锌邪褕泻芯	小褌邪谢懈薪	1
袦.袛. 袘邪谐懈褉芯胁邪	小褌邪谢懈薪	1
袦.袗. 袧邪褉懈屑邪薪芯胁邪	袦.袛. 袘邪谐懈褉芯胁邪	1
袦.袗. 袧邪褉懈屑邪薪芯胁邪	小褌邪谢懈薪	1
袝卸芯胁	袦.袝. 袘褘褋褌褉芯胁邪	1
袦.袝. 袘褘褋褌褉芯胁邪	小褌邪谢懈薪	1
袝卸芯胁	携.袧. 袙械褔械褉泻芯胁褋泻芯谐芯	1
小褌邪谢懈薪	携.袧. 袙械褔械褉泻芯胁褋泻芯谐芯	1
袘.袝. 袘邪褉褋泻芯谐芯	袝卸芯胁	1
袘.袝. 袘邪褉褋泻芯谐芯	小褌邪谢懈薪	1
袘.袛. 袘械褉屑邪薪褍	袠.袦. 袣械写褉芯胁邪	1
袘.袗. 袣褍褕薪械褉邪	袠.袦. 袣械写褉芯胁邪	1
袘.袗. 袣褍褕薪械褉邪	袘.袛. 袘械褉屑邪薪褍	1
袦.袦. 袦邪谢懈薪芯胁邪	小褌邪谢懈薪	1
袦.袦. 袦邪谢懈薪芯胁邪	袧.袧. 袣芯谢芯褌懈谢懈薪邪	1
袧.袧. 袣芯谢芯褌懈谢懈薪邪	小褌邪谢懈薪	1
袚.小. 袘懈褌泻械褉邪	袝卸芯胁	1
袚.小. 袘懈褌泻械褉邪	小褌邪谢懈薪	1
袝卸芯胁	袣.袗. 袛芯胁谐邪薪褟	1
袣.袗. 袛芯胁谐邪薪褟	小褌邪谢懈薪	1
袝卸芯胁	袧.袣. 袘褍褟薪褋泻芯谐芯	1
袧.袣. 袘褍褟薪褋泻芯谐芯	小褌邪谢懈薪	1
袝卸芯胁	袦.袠. 小褍屑械褑泻芯谐芯	1
袦.袠. 小褍屑械褑泻芯谐芯	小褌邪谢懈薪	1
袗.袗. 袞写邪薪芯胁褍	袥.袦. 袟邪泻芯胁褋泻芯谐芯	1
袣.袧. 袥褍泻薪懈褑泻芯谐芯	袥.袦. 袟邪泻芯胁褋泻芯谐芯	1
袗.袗. 袞写邪薪芯胁褍	袣.袧. 袥褍泻薪懈褑泻芯谐芯	1
袝.袗. 袗褎邪薪邪褋褜械胁邪	小褌邪谢懈薪	1
袝卸芯胁	袩.袧. 袣芯褉芯谢械胁邪	1
袩.袧. 袣芯褉芯谢械胁邪	小褌邪谢懈薪	1
袝卸芯胁	袦.袦. 效械褉械写薪懈褔械薪泻芯	1
袦.袦. 效械褉械写薪懈褔械薪泻芯	小褌邪谢懈薪	1
袝.袙. 笑械褌谢懈薪邪	袝卸芯胁	1
袝卸芯胁	袦.袧. 袛褜褟褔泻芯胁邪	1
袦.袧. 袛褜褟褔泻芯胁邪	小褌邪谢懈薪	1
袝卸芯胁	小.袝. 协泄写屑邪薪邪	1
小.袝. 协泄写屑邪薪邪	小褌邪谢懈薪	1
袝卸芯胁	袣.袧. 袗褎芯薪懈薪邪	1
袣.袧. 袗褎芯薪懈薪邪	小褌邪谢懈薪	1
袝卸芯胁	袧.袠. 孝褉褍斜懈械胁邪	1
袧.袠. 孝褉褍斜懈械胁邪	小褌邪谢懈薪	1
袝卸芯胁	袦.小. 小褌褉芯懈谢芯胁邪	1
袦.小. 小褌褉芯懈谢芯胁邪	小褌邪谢懈薪	1
袘.袨. 袧芯褉泻懈薪邪	袝卸芯胁	1
袘.袨. 袧芯褉泻懈薪邪	小褌邪谢懈薪	1
袘褍褏邪褉懈薪	袩褟褌邪泻芯胁	1
袘褍褏邪褉懈薪	袥.小. 小芯褋薪芯胁褋泻芯谐芯	1
袘褍褏邪褉懈薪	袝.肖. 袣褍谢懈泻芯胁褘屑	1
袠.袗. 袣薪褟蟹械胁邪	袦芯谢芯褌芯胁	1
袗.挟. 孝懈胁械谢褟	小褌邪谢懈薪	1
袠.袗. 袣薪褟蟹械胁邪	小褌邪谢懈薪	1
袗.袗. 袗薪写褉械械胁褍	小.袗. 小邪褉泻懈褋芯胁邪	1
袥.袠. 袚邪褋胁懈邪薪懈	小.袗. 小邪褉泻懈褋芯胁邪	1
袗.袗. 袗薪写褉械械胁褍	袥.袠. 袚邪褋胁懈邪薪懈	1
袠.袗. 袣薪褟蟹械胁邪	袩.袙. 效懈褋褌芯胁褍	1
袝卸芯胁	肖.袠. 袧懈泻芯谐写邪	1
小褌邪谢懈薪	肖.袠. 袧懈泻芯谐写邪	1
袙.肖. 袟邪褏邪褉懈薪芯泄	袝卸芯胁	1
袙.肖. 袟邪褏邪褉懈薪芯泄	小褌邪谢懈薪	1
袝卸芯胁	袦.袙. 袣械谢写褘褕邪	1
袦.袙. 袣械谢写褘褕邪	小褌邪谢懈薪	1
袚.袛. 袗褉褋械薪褌褜械胁邪	袝卸芯胁	1
袚.袛. 袗褉褋械薪褌褜械胁邪	小褌邪谢懈薪	1
袛.孝. 楔械褉屑械褉谐芯褉薪邪	袝卸芯胁	1
袗.袣. 袛褉芯卸卸懈薪邪	袝卸芯胁	1
袗.袣. 袛褉芯卸卸懈薪邪	小褌邪谢懈薪	1
袝卸芯胁	小.袗. 袗褋懈谢芯胁邪	1
小.袗. 袗褋懈谢芯胁邪	小褌邪谢懈薪	1
袗.袙. 袛蟹械写蟹懈械胁褋泻芯谐芯	袝卸芯胁	1
袗.袙. 袛蟹械写蟹懈械胁褋泻芯谐芯	小褌邪谢懈薪	1
袝卸芯胁	袠.袠. 袚褉邪褕械	1
袠.袠. 袚褉邪褕械	小褌邪谢懈薪	1
袝卸芯胁	携.肖. 袚芯褉芯写械褑泻芯谐芯	1
小褌邪谢懈薪	携.肖. 袚芯褉芯写械褑泻芯谐芯	1
袝卸芯胁	袥.小. 小芯褋薪芯胁褋泻芯谐芯	1
袙.袦. 袦械械褉褋芯薪邪	袝卸芯胁	1
袙.袦. 袦械械褉褋芯薪邪	小褌邪谢懈薪	1
袝卸芯胁	小.携. 楔邪械胁邪	1
小.携. 楔邪械胁邪	小褌邪谢懈薪	1
袝卸芯胁	袩.孝. 袘芯谐邪褔械胁邪	1
袩.孝. 袘芯谐邪褔械胁邪	小褌邪谢懈薪	1
袝卸芯胁	携.袪. 袝谢褜泻芯胁懈褔邪	1
小褌邪谢懈薪	携.袪. 袝谢褜泻芯胁懈褔邪	1
袝卸芯胁	袧.小. 小褘褔械胁邪	1
袧.小. 小褘褔械胁邪	小褌邪谢懈薪	1
袗.袗. 啸胁褘谢懈	袥.袦. 袣邪谐邪薪芯胁懈褔	1
袗.袗. 啸胁褘谢懈	袝卸芯胁	1
袝卸芯胁	袥.挟. 袘褉懈泻	1
袙.袦. 袩褉懈屑邪泻芯胁邪	袥.挟. 袘褉懈泻	1
袝卸芯胁	孝.袠. 袚谢械斜芯胁芯泄	1
袝卸芯胁	袦.袩. 袛邪胁褘写芯胁邪	1
袦.袩. 袛邪胁褘写芯胁邪	小褌邪谢懈薪	1
袝卸芯胁	袠.袠. 袘褍褉谢邪泻芯胁邪	1
袠.袠. 袘褍褉谢邪泻芯胁邪	小褌邪谢懈薪	1
袝卸芯胁	袥.袗. 楔邪褑泻懈薪邪	1
袗.携. 袙褘褕懈薪褋泻懈泄	袥.袗. 楔邪褑泻懈薪邪	1
袝卸芯胁	袦.袦. 袣褍写褉褟褕械胁邪	1
袦.袦. 袣褍写褉褟褕械胁邪	小褌邪谢懈薪	1
袝卸芯胁	肖.袙. 袣懈锌邪褉懈褋芯胁邪	1
小褌邪谢懈薪	肖.袙. 袣懈锌邪褉懈褋芯胁邪	1
袝卸芯胁	袦.袧. 校褎懈屑褑械胁芯泄	1
袦.袧. 校褎懈屑褑械胁芯泄	小褌邪谢懈薪	1
袗.袗. 袣邪褉锌芯胁邪	袝卸芯胁	1
袗.袗. 袣邪褉锌芯胁邪	小褌邪谢懈薪	1
袗.袩. 袦械褌邪谢褜薪懈泻芯胁邪	袝卸芯胁	1
袗.袩. 袦械褌邪谢褜薪懈泻芯胁邪	小褌邪谢懈薪	1
袝.袦. 袩褉褍卸邪薪褋泻芯泄	袝卸芯胁	1
袝.袦. 袩褉褍卸邪薪褋泻芯泄	小褌邪谢懈薪	1
袝卸芯胁	挟.袚. 袨褋褌褉芯胁褋泻芯谐芯	1
小褌邪谢懈薪	挟.袚. 袨褋褌褉芯胁褋泻芯谐芯	1
袝卸芯胁	袧.袚. 袨谢褜褏芯胁褋泻芯谐芯	1
袧.袚. 袨谢褜褏芯胁褋泻芯谐芯	小褌邪谢懈薪	1
袙.袦. 袗薪写褉械械胁邪	袝卸芯胁	1
袙.袦. 袗薪写褉械械胁邪	小褌邪谢懈薪	1
袗.袧. 袘邪褉褍谢懈薪邪	袝卸芯胁	1
袗.袧. 袘邪褉褍谢懈薪邪	小褌邪谢懈薪	1
袙.袧. 袚芯谢芯胁邪薪芯胁邪	袝卸芯胁	1
袙.袧. 袚芯谢芯胁邪薪芯胁邪	小褌邪谢懈薪	1
袝卸芯胁	肖.肖. 袠芯褝谢褜褋芯薪	1
小褌邪谢懈薪	肖.肖. 袠芯褝谢褜褋芯薪	1
袗.袠. 袙懈褌泻芯胁褋泻芯谐芯	袝卸芯胁	1
袗.袠. 袙懈褌泻芯胁褋泻芯谐芯	小褌邪谢懈薪	1
袙.袦. 袩褉懈屑邪泻芯胁邪	小褌邪谢懈薪	1
袥.袚. 袦懈褉芯薪芯胁邪	小褌邪谢懈薪	1
袗.袠. 挟谢懈薪邪	小褌邪谢懈薪	1
袙.肖. 袥芯谐懈薪芯胁褘屑	袝卸芯胁	1
袙.肖. 袥芯谐懈薪芯胁褘屑	小褌邪谢懈薪	1
袗.袗. 楔械褋褌芯胁邪	袝卸芯胁	1
袠.袦. 袚褍褉械胁懈褔邪	小褌邪谢懈薪	1
袗.袠. 袚邪谢褜锌械褉懈薪邪	袝卸芯胁	1
袗.袠. 袚邪谢褜锌械褉懈薪邪	小褌邪谢懈薪	1
小.袚. 袪邪写芯屑褘褋谢褜褋泻芯谐芯	小褌邪谢懈薪	1
小褌邪谢懈薪	肖.袠. 袙邪泄褋斜械褉谐邪	1
袝卸芯胁	袠.袟. 小褌邪薪泻懈薪邪	1
袠.袟. 小褌邪薪泻懈薪邪	小褌邪谢懈薪	1
袘.袗. 袛胁懈薪褋泻芯屑褍	袠.袠. 袩械褌褍褏芯胁邪	1
袠.袠. 袩械褌褍褏芯胁邪	小.袗. 孝褍褉芯胁褋泻芯谐芯	1
袠.袠. 袩械褌褍褏芯胁邪	袣.袝. 袙芯褉芯褕懈谢芯胁邪	1
袘.袗. 袛胁懈薪褋泻芯屑褍	小.袗. 孝褍褉芯胁褋泻芯谐芯	1
袘.袗. 袛胁懈薪褋泻芯屑褍	袣.袝. 袙芯褉芯褕懈谢芯胁邪	1
袣.袝. 袙芯褉芯褕懈谢芯胁邪	小.袗. 孝褍褉芯胁褋泻芯谐芯	1
袗.袦. 袣邪褕泻懈薪邪	袝卸芯胁	1
袗.袦. 袣邪褕泻懈薪邪	小褌邪谢懈薪	1
袝卸芯胁	袧.袠. 袗薪写褉械械胁邪	1
袧.袠. 袗薪写褉械械胁邪	小褌邪谢懈薪	1
袝卸芯胁	袦.袦. 袨褋泻芯谢褜褋泻懈泄-肖懈薪泻械谢褜褕褌械泄薪	1
袦.袦. 袨褋泻芯谢褜褋泻懈泄-肖懈薪泻械谢褜褕褌械泄薪	小褌邪谢懈薪	1
袗谐褉邪薪芯胁	袝.袠. 袩械褉谢懈薪邪	1
袝.袠. 袩械褉谢懈薪邪	小褌邪谢懈薪	1
袝卸芯胁	袦.袧. 携泻芯胁谢械胁邪	1
袝.袪. 袦邪泄械褉邪	袝卸芯胁	1
袝.袪. 袦邪泄械褉邪	小褌邪谢懈薪	1
袗谐褉邪薪芯胁	袥.袦. 袨褋褌褉芯胁褋泻芯泄	1
袥.袦. 袨褋褌褉芯胁褋泻芯泄	小褌邪谢懈薪	1
袥.袦. 袣邪谐邪薪芯胁懈褔	携.袗. 袥懈胁褕懈褑邪	1
袚.袚. 携谐芯写邪	袧.袗. 校谐谢邪薪芯胁邪	1
袝卸芯胁	袧.袗. 校谐谢邪薪芯胁邪	1
袚.袚. 携谐芯写邪	袦.肖. 袠芯褝谢褜褋芯薪邪	1
袝卸芯胁	袦.肖. 袠芯褝谢褜褋芯薪邪	1
袗.袠. 挟谢懈薪邪	袚.袚. 携谐芯写邪	1
袗.袗. 袛芯泻褍褔邪械胁邪	袚.袚. 携谐芯写邪	1
袗谐褉邪薪芯胁	袛.袗. 楔屑懈写褌邪	1
袛.袗. 楔屑懈写褌邪	袝卸芯胁	1
袗.携. 袙褘褕懈薪褋泻懈泄	袪褘泻芯胁	1
袝卸芯胁	协.袧. 袗写褍薪褋泻芯泄	1
袙.袗. 袘邪谢懈褑泻芯谐芯	肖.袠. 袙邪泄褋斜械褉谐邪	1
袛屑懈褌褉懈械胁	袧.袠. 袦芯褋泻邪谢械胁邪	1
袧.袠. 袦芯褋泻邪谢械胁邪	袩褟褌邪泻芯胁	1
袝卸芯胁	袨.袗. 袥懈写邪泻邪	1
袨.袗. 袥懈写邪泻邪	小褌邪谢懈薪	1
袛.小. 袚褍褉械胁懈褔邪	袝卸芯胁	1
袙.袧. 携泻芯胁谢械胁芯泄	袛.小. 袚褍褉械胁懈褔邪	1
袙.袧. 携泻芯胁谢械胁芯泄	袝卸芯胁	1
袚.袚. 携谐芯写邪	袣.小. 袛芯褉芯褎械械胁邪	1
袝卸芯胁	袦.袩. 孝芯屑褋泻芯谐芯	1
袘褍褏邪褉懈薪	小芯泻芯谢褜薪懈泻芯胁	1
袗.携. 袙褘褕懈薪褋泻懈泄	小芯泻芯谢褜薪懈泻芯胁	1
袚.袚. 携谐芯写邪	肖.袙. 携斜谢芯薪褋泻芯泄	1
袝卸芯胁	肖.袙. 携斜谢芯薪褋泻芯泄	1
袚.袦. 袦邪谢械薪泻芯胁褍	袪.袠. 协泄褏械	1
袝卸芯胁	袪.袠. 协泄褏械	1
袚.袦. 袦邪谢械薪泻芯胁褍	袝卸芯胁	1
袦.袠. 孝芯屑褋泻芯泄	小褌邪谢懈薪	1
袝卸芯胁	袦.袨. 袟褞泻邪	1
袗.携. 袙褘褕懈薪褋泻懈泄	袘.袦. 袘械泻泻械褉邪	1
袗.携. 袙褘褕懈薪褋泻懈泄	小.袙. 袦褉邪褔泻芯胁褋泻芯屑	1
袘.袦. 袘械泻泻械褉邪	袝卸芯胁	1
袝卸芯胁	小.袙. 袦褉邪褔泻芯胁褋泻芯屑	1
袘.袦. 袘械泻泻械褉邪	小.袙. 袦褉邪褔泻芯胁褋泻芯屑	1
袝卸芯胁	袠.孝. 小屑懈谢谐懈	1
孝.袠. 袚谢械斜芯胁芯泄	效谢械薪芯胁	1
袗.携. 袙褘褕懈薪褋泻懈泄	袪.袩. 袣邪褌邪薪褟薪邪	1
袣.袙. 袚械薪械褉邪谢芯胁芯泄	袪.袩. 袣邪褌邪薪褟薪邪	1
袗.携. 袙褘褕懈薪褋泻懈泄	袣.袙. 袚械薪械褉邪谢芯胁芯泄	1
袗.袦. 袚械褉褌懈泻邪	袚.袚. 携谐芯写邪	1
袗.袦. 袚械褉褌懈泻邪	小褌邪谢懈薪	1
袘褍褏邪褉懈薪	袣.袝. 袙芯褉芯褕懈谢芯胁邪	1
袗.袗. 楔械褋褌芯胁邪	袚.袚. 携谐芯写邪	1
袚.袚. 携谐芯写邪	袧.袚. 孝褍屑邪薪芯胁邪	1
袧.袚. 孝褍屑邪薪芯胁邪	小褌邪谢懈薪	1
袝卸芯胁	楔.袦. 袛胁芯谢邪泄褑泻芯谐芯	1
袦芯谢芯褌芯胁	楔.袦. 袛胁芯谢邪泄褑泻芯谐芯	1
袦.袙. 袩芯蟹写械械胁芯泄	楔.袦. 袛胁芯谢邪泄褑泻芯谐芯	1
袦.袠. 袥褍褉褜械	楔.袦. 袛胁芯谢邪泄褑泻芯谐芯	1
袝卸芯胁	袦.袙. 袩芯蟹写械械胁芯泄	1
袝卸芯胁	袦.袠. 袥褍褉褜械	1
袦.袙. 袩芯蟹写械械胁芯泄	袦芯谢芯褌芯胁	1
袦.袠. 袥褍褉褜械	袦芯谢芯褌芯胁	1
袦.袙. 袩芯蟹写械械胁芯泄	袦.袠. 袥褍褉褜械	1
袗.小. 袘褍谢懈薪褍	袙.袦. 袦褍谢懈薪邪	1
袟懈薪芯胁褜械胁	袪邪写械泻	1
袥.袟. 袦械褏谢懈褋邪	袥.袦. 袣邪谐邪薪芯胁懈褔	1
袗.袗. 袗薪写褉械械胁褍	袥.袟. 袦械褏谢懈褋邪	1
袝卸芯胁	袥.袟. 袦械褏谢懈褋邪	1
袟懈薪芯胁褜械胁	袥.袟. 袦械褏谢懈褋邪	1
袗.袗. 袗薪写褉械械胁褍	袥.袦. 袣邪谐邪薪芯胁懈褔	1
袗.袗. 袗薪写褉械械胁褍	袝卸芯胁	1
袗.袗. 袗薪写褉械械胁褍	袟懈薪芯胁褜械胁	1
袗.袛. 袘褉芯薪褕褌械泄薪械	袛屑懈褌褉懈械胁	1
袦.袚. 袣芯褉芯锌	小屑懈褉薪芯胁	1
袦芯谢芯褌芯胁	肖.袩. 楔胁邪谢褜斜械	1
袥.袦. 袣邪谐邪薪芯胁懈褔	袧.小. 啸褉褍褖械胁邪	1
袧.小. 啸褉褍褖械胁邪	袪褘泻芯胁	1
袥.袦. 袣邪谐邪薪芯胁懈褔	袪褘泻芯胁	1
袦.袨. 袟褞泻邪	小褌邪谢懈薪	1
袘.袧. 小邪褏芯胁邪	袝卸芯胁	1
袘.袧. 小邪褏芯胁邪	袚.袚. 携谐芯写邪	1
袚.袚. 携谐芯写邪	袚.小. 袥褞褕泻芯胁褍	1
袚.小. 袥褞褕泻芯胁褍	小褌邪谢懈薪	1
袚.小. 袥褞褕泻芯胁褍	袟懈薪芯胁褜械胁	1
袚.袠. 小械褉械斜褉褟泻芯胁芯泄	袝卸芯胁	1
袚.袚. 携谐芯写邪	袥.袦. 袣邪谐邪薪芯胁懈褔	1
袠.袠. 袪械泄薪谐芯谢褜写邪	袥.袦. 袣邪谐邪薪芯胁懈褔	1
袝.袙. 袩懈泻械谢褜	小褌邪谢懈薪	1
袛.袟. 袦邪薪褍懈谢褜褋泻芯屑褍	袦.袗. 袦芯褋泻胁懈薪褍	1
袠.袠. 袪械泄薪芯谐谢褜写邪	袩褟褌邪泻芯胁	1
袧.袙. 袚芯谢褍斜械薪泻芯	袩褟褌邪泻芯胁	1
袠.袠. 袪械泄薪芯谐谢褜写邪	小褌邪谢懈薪	1
袠.袠. 袪械泄薪芯谐谢褜写邪	袧.袙. 袚芯谢褍斜械薪泻芯	1
袚.袚. 携谐芯写邪	袚.袝. 袝胁写芯泻懈屑芯胁邪	1
袗.袥. 袥械芯薪褌褜械胁邪	袝卸芯胁	1
袚.袚. 携谐芯写邪	效谢械薪芯胁	1
袚.袦. 袗褉泻褍褋邪	袠.袠. 袪械泄薪谐芯谢褜写邪	1
袚.小. 肖褉懈写谢褟薪写邪	袝卸芯胁	1
袚.袚. 携谐芯写邪	小.袦. 袟邪泻褋-袚谢邪写薪械胁	1
袚.袚. 携谐芯写邪	袦芯谢芯褌芯胁	1
袦芯谢芯褌芯胁	小屑懈褉薪芯胁	1
袦芯谢芯褌芯胁	小.袙. 袦褉邪褔泻芯胁褋泻懈泄	1
小.袙. 袦褉邪褔泻芯胁褋泻懈泄	小屑懈褉薪芯胁	1
袝卸芯胁	袠.袠. 袪械泄薪谐芯谢褜写邪	1
袚.袚. 携谐芯写邪	袧.袗. 袣邪褉械胁邪	1
袧.袗. 袣邪褉械胁邪	小褌邪谢懈薪	1
袟懈薪芯胁褜械胁	袧.袗. 袣邪褉械胁邪	1
袗谐褉邪薪芯胁	袦.孝. 袗薪褌芯薪芯胁邪	1
袝卸芯胁	袦.孝. 袗薪褌芯薪芯胁邪	1
袚.袚. 携谐芯写邪	袪.袙. 袩懈泻械谢褟	1
袪.袙. 袩懈泻械谢褟	小褌邪谢懈薪	1
袧.袥. 袥褍褉褜械	小褌邪谢懈薪	1
袗谐褉邪薪芯胁	袠.袠. 袪械泄薪谐芯谢褜写邪	1
袗.袠. 校胁邪褉芯胁邪	袗谐褉邪薪芯胁	1
袗.袠. 校胁邪褉芯胁邪	袝卸芯胁	1
袗谐褉邪薪芯胁	袣.袠. 袚褉褞薪褕褌械泄薪邪	1
袝卸芯胁	袣.袠. 袚褉褞薪褕褌械泄薪邪	1
袠.袩. 袘邪泻邪械胁褘屑	袧.袗. 袣邪褉械胁邪	1
袝卸芯胁	袧.袥. 袥褍褉褜械	1
袚.袚. 携谐芯写邪	袠.袦. 袘褘泻-袘械泻	1
袗.袦. 袗褉泻褍褋	袚.袚. 携谐芯写邪	1
袠.袦. 袘褘泻-袘械泻	小褌邪谢懈薪	1
袗.袦. 袗褉泻褍褋	小褌邪谢懈薪	1
袚.袦. 袗褉泻褍褋邪	袠.袦. 袘褘泻-袘械泻	1
袗.袦. 袗褉泻褍褋	袠.袦. 袘褘泻-袘械泻	1
袗.袙. 袚邪谢泻懈薪邪	袠.袦. 袘褘泻-袘械泻	1
袗.袦. 袗褉泻褍褋	袚.袦. 袗褉泻褍褋邪	1
袗.袙. 袚邪谢泻懈薪邪	袚.袦. 袗褉泻褍褋邪	1
袗.袙. 袚邪谢泻懈薪邪	袗.袦. 袗褉泻褍褋	1
袘.袠. 袣褍蟹褜屑懈褔械胁邪	小褌邪谢懈薪	1
袚.袚. 携谐芯写邪	袠.肖. 肖谢邪泻褋邪	1
袝卸芯胁	袠.肖. 肖谢邪泻褋邪	1
袚.袚. 携谐芯写邪	袪.袗. 袚褉褞薪褕褌械泄薪	1
袪.袗. 袚褉褞薪褕褌械泄薪	小褌邪谢懈薪	1
袚.袚. 携谐芯写邪	袠.小. 协褋褌械褉屑邪薪邪	1
袠.小. 协褋褌械褉屑邪薪邪	小褌邪谢懈薪	1
袚.袚. 携谐芯写邪	袦.袠. 袥褍褉褜械	1
袦.袠. 袥褍褉褜械	小褌邪谢懈薪	1
袚.袚. 携谐芯写邪	袚.小. 孝褘屑褟薪褋泻芯谐芯	1
袚.小. 孝褘屑褟薪褋泻芯谐芯	袝卸芯胁	1
袚.袚. 携谐芯写邪	袧.肖. 袩械褔械褉褋泻芯谐芯	1
袧.肖. 袩械褔械褉褋泻芯谐芯	小褌邪谢懈薪	1
袗.袚. 袣芯谢芯写懈薪邪	袚.袚. 携谐芯写邪	1
袚.袚. 携谐芯写邪	袦.袧. 携泻芯胁谢械胁邪	1
袚.袚. 携谐芯写邪	袦.袩. 袞邪泻芯胁邪	1
袝卸芯胁	袦.袩. 袞邪泻芯胁邪	1
袚.袝. 袩褉芯泻芯褎褜械胁邪	袦.袥. 袘褘褏芯胁褋泻芯谐芯	1
袗.袗. 袘褍褋褘谐懈薪邪	袚.袝. 袩褉芯泻芯褎褜械胁邪	1
袗.袗. 袘褍褋褘谐懈薪邪	袝卸芯胁	1
袗.袗. 袗薪写褉械械胁褍	袠.袦. 袨褉谢芯胁褋泻邪褟-袦褉邪褔泻芯胁褋泻邪褟	1
袗.袧. 小邪褎芯薪芯胁芯泄	小屑懈褉薪芯胁	1
袚.袝. 袩褉芯泻芯褎褜械胁邪	啸.袚. 袚褍褉械胁懈褔邪	1
袚.袗. 袦芯谢褔邪薪芯胁邪	袩.袠. 楔邪斜邪谢泻懈薪邪	1
袝卸芯胁	袩.袠. 楔邪斜邪谢泻懈薪邪	1
袗.袩. 袣芯褋褌懈薪芯泄	袚.袗. 袦芯谢褔邪薪芯胁邪	1
袗.袩. 袣芯褋褌懈薪芯泄	袝卸芯胁	1
袚.袝. 袩褉芯泻芯褎褜械胁邪	袠.携. 袨写褘薪褟	1
袠.携. 袨写褘薪褟	小褌邪谢懈薪	1
袚.袝. 袩褉芯泻芯褎褜械胁邪	携.袗. 肖褍褉褌懈褔械胁邪	1
小褌邪谢懈薪	携.袗. 肖褍褉褌懈褔械胁邪	1
袚.袝. 袩褉芯泻芯褎褜械胁邪	袚.袥. 楔泻谢芯胁褋泻芯谐芯	1
袚.袥. 楔泻谢芯胁褋泻芯谐芯	小褌邪谢懈薪	1
袗.袧. 肖芯泻懈薪邪	袚.袝. 袩褉芯泻芯褎褜械胁邪	1
袗.袧. 肖芯泻懈薪邪	袝卸芯胁	1
袚.袚. 携谐芯写邪	协.小. 袚芯谢褜褑屑邪薪邪	1
小褌邪谢懈薪	协.小. 袚芯谢褜褑屑邪薪邪	1
袚.袚. 携谐芯写邪	啸.袚. 袚褍褉械胁懈褔邪	1
袚.袚. 携谐芯写邪	袠.袗. 袦邪褋谢械薪薪懈泻芯胁邪	1
袠.袗. 袦邪褋谢械薪薪懈泻芯胁邪	小褌邪谢懈薪	1
袚.袚. 携谐芯写邪	挟.袦. 袘芯褔邪褉芯胁邪	1
袝卸芯胁	挟.袦. 袘芯褔邪褉芯胁邪	1
袗.袨. 袗谢褜褋泻芯谐芯	袚.袗. 袦芯谢褔邪薪芯胁邪	1
袗.袨. 袗谢褜褋泻芯谐芯	袝卸芯胁	1
袛屑懈褌褉懈械胁	小褌邪谢懈薪	1
袚.袚. 携谐芯写邪	孝.袙. 袦械褕泻芯胁褋泻芯谐芯	1
袝卸芯胁	孝.袙. 袦械褕泻芯胁褋泻芯谐芯	1
袝卸芯胁	袠.袣. 肖械写芯褌芯胁邪	1
