entity_a	entity_b	document_count
袝卸芯胁	小褌邪谢懈薪	286
袚.袚. 携谐芯写褘	小褌邪谢懈薪	89
袚.袚. 携谐芯写褘	袝卸芯胁	55
袗谐褉邪薪芯胁	袝卸芯胁	45
袨谢褜斜械褉谐	小械写芯胁	45
袘褍褏邪褉懈薪	小褌邪谢懈薪	37
袗谐褉邪薪芯胁	小褌邪谢懈薪	20
袚.袝. 袩褉芯泻芯褎褜械胁邪	袝卸芯胁	19
袟懈薪芯胁褜械胁	小褌邪谢懈薪	17
袥.袛. 孝褉芯褑泻芯屑褍	小械写芯胁	16
袝卸芯胁	袩褟褌邪泻芯胁	15
袪邪写械泻	小褌邪谢懈薪	15
袚.袝. 袩褉芯泻芯褎褜械胁邪	小褌邪谢懈薪	14
袚.袚. 携谐芯写褘	邪褉械褋褌械	14
袩褟褌邪泻芯胁	小褌邪谢懈薪	14
小褌邪谢懈薪	邪褉械褋褌械	13
袝.袙. 笑械褌谢懈薪邪	小褌邪谢懈薪	13
袙.袗. 袘邪谢懈褑泻芯谐芯	袝卸芯胁	12
袝卸芯胁	小芯泻芯谢褜薪懈泻芯胁	12
袝卸芯胁	袪邪写械泻	11
小芯泻芯谢褜薪懈泻芯胁	小褌邪谢懈薪	11
袚.袚. 携谐芯写褘	袟懈薪芯胁褜械胁	11
袥.袛. 孝褉芯褑泻芯屑褍	袨谢褜斜械褉谐	11
袣邪屑械薪械胁	小褌邪谢懈薪	10
效谢械薪芯胁	褋械屑械泄	9
袗谐褉邪薪芯胁	袝.袙. 笑械褌谢懈薪邪	9
褋械屑械泄	褏芯写械	8
写械谢邪屑	褏芯写械	8
效谢械薪芯胁	褏芯写械	8
写械谢邪屑	褋械屑械泄	8
效谢械薪芯胁	写械谢邪屑	8
袪褘泻芯胁	小褌邪谢懈薪	7
袘褍褏邪褉懈薪	袪褘泻芯胁	7
袟懈薪芯胁褜械胁	写械谢褍	7
袝卸芯胁	袠.袗. 袦褍褋褍谢褜斜邪褋邪	7
袠.袗. 袦褍褋褍谢褜斜邪褋邪	小褌邪谢懈薪	7
袘褍褏邪褉懈薪	锌谢械薪褍屑邪	6
袪褘泻芯胁	锌谢械薪褍屑邪	6
袝.肖. 袣褍谢懈泻芯胁邪	袝卸芯胁	6
袚.袚. 携谐芯写械	袝卸芯胁	6
袨谢褜斜械褉谐	孝褉芯褑泻懈泄	6
袝卸芯胁	袪褘泻芯胁	5
袘褍褏邪褉懈薪	袝卸芯胁	5
袚.袗. 袦芯谢褔邪薪芯胁邪	袝卸芯胁	5
袨谢褜斜械褉谐	小褌邪谢懈薪	5
小褌邪谢懈薪	锌芯泻邪蟹邪薪懈褟褏	5
袝卸芯胁	袟懈薪芯胁褜械胁	5
袝卸芯胁	袧.袗. 袪芯蟹械薪褎械谢褜写	5
小褌邪谢懈薪	孝.袠. 袚谢械斜芯胁芯泄	5
袚.袚. 携谐芯写褘	小.袙. 袦褉邪褔泻芯胁褋泻芯谐芯	5
小.袙. 袦褉邪褔泻芯胁褋泻芯谐芯	小褌邪谢懈薪	5
袚.袚. 携谐芯写褘	袣邪屑械薪械胁	5
袙.袗. 携泻芯胁谢械胁邪	袝卸芯胁	5
袙.袗. 携泻芯胁谢械胁邪	小褌邪谢懈薪	5
袝卸芯胁	袧.袙. 袚芯谢褍斜械薪泻芯	5
袚.袚. 携谐芯写褘	袠.袠. 袪械泄薪谐芯谢褜写邪	5
袝卸芯胁	械谐芯	4
袙.袙. 袣褍蟹褜屑懈薪邪	小褌邪谢懈薪	4
袨谢褜斜械褉谐	袩.袠. 袘械褋泻懈薪芯泄	4
袝卸芯胁	写械谢褍	4
袣袩袣	锌褉邪胁懈褌械谢褜褋褌胁械薪薪芯泄	4
袦.肖. 楔泻懈褉褟褌芯胁褍	锌褉邪胁懈褌械谢褜褋褌胁械薪薪芯泄	4
袗谐褉邪薪芯胁	袧.袗. 袪芯蟹械薪褎械谢褜写	4
袟.袦. 袘械谢械薪褜泻芯谐芯	褉械蟹褍谢褜褌邪褌邪褏	4
袗谐褉邪薪芯胁	袦.袣. 效械褉薪褟胁褋泻芯谐芯	4
袝卸芯胁	袦.袣. 效械褉薪褟胁褋泻芯谐芯	4
写械谢褍	蟹邪泻谢褞褔械薪懈褟	4
袚.袠. 小邪褎邪褉芯胁邪	小褌邪谢懈薪	4
袟懈薪芯胁褜械胁	邪褉械褋褌械	4
小褌邪谢懈薪	写械谢褍	4
袝卸芯胁	袥.袦. 袣邪谐邪薪芯胁懈褔褍	4
袚.袚. 携谐芯写褘	小屑懈褉薪芯胁	4
袘褍褏邪褉懈薪	芯褔薪芯泄	4
袙.肖. 袥芯谐懈薪芯胁邪	袝卸芯胁	4
袝卸芯胁	袦.袦. 袣懈谢谢械褉芯谐邪	4
袦.袦. 袣懈谢谢械褉芯谐邪	小褌邪谢懈薪	4
袙.袗. 袘邪谢懈褑泻芯谐芯	锌芯泻邪蟹邪薪懈褟褏	4
袝卸芯胁	锌芯泻邪蟹邪薪懈褟褏	4
袚.袚. 携谐芯写褘	小芯泻芯谢褜薪懈泻芯胁	4
袦袗孝袝袪袠袗袥袗袦	啸袨袛袝	4
袙.袗. 袘邪谢懈褑泻芯谐芯	袚.袚. 携谐芯写械	4
袠.袠. 袪械泄薪谐芯谢褜写邪	小褌邪谢懈薪	4
袚.袚. 携谐芯写褘	袝.袗. 袛褉械泄褑械褉邪	4
袝.袗. 袛褉械泄褑械褉邪	小褌邪谢懈薪	4
袙.袙. 楔屑懈写褌邪	袝卸芯胁	3
袝卸芯胁	效谢械薪芯胁	3
袘褍褏邪褉懈薪	袩芯谢懈褌斜褞褉芯	3
袚.袚. 携谐芯写褘	袠.袣. 肖械写芯褌芯胁邪	3
袚.袝. 袩褉芯泻芯褎褜械胁邪	袛屑懈褌褉懈械胁	3
袛屑懈褌褉懈械胁	袝卸芯胁	3
袗.携. 袙褘褕懈薪褋泻芯谐芯	小褌邪谢懈薪	3
袝卸芯胁	袦芯谢芯褌芯胁	3
袚.袝. 袩褉芯泻芯褎褜械胁邪	袨谢褜斜械褉谐	3
袗.携. 小胁械褉写谢芯胁邪	袝卸芯胁	3
袝卸芯胁	袣袩袣	3
袝卸芯胁	邪锌锌邪褉邪褌械	3
袝卸芯胁	袩.肖. 袟邪泄褑械胁邪	3
袣袩袣	褉械邪谐懈褉芯胁邪薪懈懈	3
袣袩袣	薪械斜谢邪谐芯锌芯谢褍褔薪芯屑	3
薪械斜谢邪谐芯锌芯谢褍褔薪芯屑	褉械邪谐懈褉芯胁邪薪懈懈	3
锌褉邪胁懈褌械谢褜褋褌胁械薪薪芯泄	褉械邪谐懈褉芯胁邪薪懈懈	3
薪械斜谢邪谐芯锌芯谢褍褔薪芯屑	锌褉邪胁懈褌械谢褜褋褌胁械薪薪芯泄	3
袣袩袣	袦.肖. 楔泻懈褉褟褌芯胁褍	3
袗谐褉邪薪芯胁	袣邪屑械薪械胁	3
袦.肖. 楔泻懈褉褟褌芯胁邪	小褌邪谢懈薪	3
袥.袦. 袣邪谐邪薪芯胁懈褔褍	小褌邪谢懈薪	3
写械谢褍	褑械薪褌褉邪	3
袦.袦. 啸邪褉懈褌芯薪芯胁邪	小褌邪谢懈薪	3
袗褋褌褉芯胁	小褌邪谢懈薪	3
袝卸芯胁	袥.袦. 袦邪褉褜褟褋懈薪邪	3
袥.袦. 袦邪褉褜褟褋懈薪邪	小褌邪谢懈薪	3
袚.肖. 袨胁褔懈薪薪懈泻芯胁邪	袝卸芯胁	3
袚.肖. 袨胁褔懈薪薪懈泻芯胁邪	小褌邪谢懈薪	3
袝卸芯胁	袥.肖. 袛懈褌褟褌械胁芯泄	3
袗.袗. 孝褉芯褟薪芯胁褋泻芯谐芯	袧袣袠袛	3
袟懈薪芯胁褜械胁	锌邪褉褌懈懈	3
胁芯褋褋褌邪薪芯胁谢械薪懈懈	锌邪褉褌懈懈	3
袚.袚. 携谐芯写械	锌芯泻邪蟹邪薪懈褟褏	3
袝卸芯胁	携.袗. 袥懈胁褕懈褑邪	3
小褌邪谢懈薪	携.袗. 袥懈胁褕懈褑邪	3
袝卸芯胁	袥.袩. 小械褉械斜褉褟泻芯胁褘屑	3
袥.袩. 小械褉械斜褉褟泻芯胁褘屑	小褌邪谢懈薪	3
袘.袦. 袨斜械褉褌邪谢谢械褉邪	袝卸芯胁	3
袘.袦. 袨斜械褉褌邪谢谢械褉邪	小褌邪谢懈薪	3
袝卸芯胁	袥.袩. 小械褉械斜褉褟泻芯胁邪	3
袥.袩. 小械褉械斜褉褟泻芯胁邪	小褌邪谢懈薪	3
袧.袦. 袥褍泻懈薪芯泄-	小褌邪谢懈薪	3
袘褍褏邪褉懈薪	袧.袦. 袥褍泻懈薪芯泄-	3
袝.肖. 袣褍谢懈泻芯胁邪	小褌邪谢懈薪	3
袝卸芯胁	写芯锌褉芯褋邪	3
袝卸芯胁	袧.袩. 袚谢械斜芯胁邪-	3
袧.袩. 袚谢械斜芯胁邪-	小褌邪谢懈薪	3
袝卸芯胁	袧.袠. 袚芯褉写芯薪邪	3
袧.袠. 袚芯褉写芯薪邪	小褌邪谢懈薪	3
袗.挟. 孝懈胁械谢褟	袝卸芯胁	3
袙.袛. 袣邪褋锌邪褉芯胁芯泄	袝卸芯胁	3
袙.袛. 袣邪褋锌邪褉芯胁芯泄	小褌邪谢懈薪	3
袙.肖. 袥芯谐懈薪芯胁邪	小褌邪谢懈薪	3
袗.袗. 袛芯泻褍褔邪械胁邪	袝卸芯胁	3
袝卸芯胁	挟.袦. 袣芯褑褞斜懈薪褋泻芯谐芯	3
小褌邪谢懈薪	挟.袦. 袣芯褑褞斜懈薪褋泻芯谐芯	3
袝卸芯胁	袠.袦. 袚褍褉械胁懈褔邪	3
袝卸芯胁	邪褉械褋褌械	3
袚.袚. 携谐芯写褘	袩褟褌邪泻芯胁	3
袘.袠. 袣褍蟹褜屑懈褔械胁邪	袚.袚. 携谐芯写褘	3
袙.肖. 袥芯谐懈薪芯胁邪	袚.袚. 携谐芯写褘	3
袙.袗. 袘邪谢懈褑泻芯谐芯	袧.袙. 袚芯谢褍斜械薪泻芯	3
袚.袚. 携谐芯写械	袧.袙. 袚芯谢褍斜械薪泻芯	3
袚.袚. 携谐芯写褘	袠.袩. 袘邪泻邪械胁邪	3
袠.袩. 袘邪泻邪械胁邪	小褌邪谢懈薪	3
袙.袗. 孝械褉-	袚.袚. 携谐芯写褘	3
袙.袗. 孝械褉-	小褌邪谢懈薪	3
袚.袚. 携谐芯写褘	袥.肖. 袛懈褌褟褌械胁芯泄	3
袚.袚. 携谐芯写褘	袚.袦. 袗褉泻褍褋邪	3
袚.袦. 袗褉泻褍褋邪	小褌邪谢懈薪	3
袛.袗. 楔屑懈写褌邪	小褌邪谢懈薪	3
袗.袠. 袘懈褉泻械薪谐芯褎邪	袝卸芯胁	3
袘褍褏邪褉懈薪	褑械薪褌褉邪	2
袙.袚. 携泻芯胁械薪泻芯	袝卸芯胁	2
袙.袚. 携泻芯胁械薪泻芯	小褌邪谢懈薪	2
袝卸芯胁	袣.袧. 袥褍泻薪懈褑泻芯谐芯	2
袣.袧. 袥褍泻薪懈褑泻芯谐芯	小褌邪谢懈薪	2
袝卸芯胁	袥.袛. 袚芯谐芯斜械褉懈写蟹械	2
袥.袛. 袚芯谐芯斜械褉懈写蟹械	小褌邪谢懈薪	2
袙.袙. 楔屑懈写褌邪	小褌邪谢懈薪	2
袥.袩. 袘械褉懈懈	小褌邪谢懈薪	2
小褌邪谢懈薪	效谢械薪芯胁	2
袝卸芯胁	袦.肖. 袩芯褋褌芯谢芯胁褋泻芯谐芯	2
袦.肖. 袩芯褋褌芯谢芯胁褋泻芯谐芯	小褌邪谢懈薪	2
袙.袙. 袣褍蟹褜屑懈薪邪	袝卸芯胁	2
袝卸芯胁	袠.袧. 袦邪械胁褋泻芯谐芯	2
袠.袧. 袦邪械胁褋泻芯谐芯	小褌邪谢懈薪	2
袝卸芯胁	袪邪写懈薪	2
袪邪写懈薪	小褌邪谢懈薪	2
袗.袦. 袥邪褉懈薪芯泄	小褌邪谢懈薪	2
袠.袣. 肖械写芯褌芯胁邪	小褌邪谢懈薪	2
袠.袠. 袚芯褉芯胁懈褔邪	小褌邪谢懈薪	2
袗.袚. 袣芯谢芯写懈薪邪	袚.袝. 袩褉芯泻芯褎褜械胁邪	2
袗.袚. 袣芯谢芯写懈薪邪	小褌邪谢懈薪	2
袙.袗. 袘邪谢懈褑泻芯谐芯	褉邪褋泻褉褘褌懈懈	2
袝卸芯胁	褉邪褋泻褉褘褌懈懈	2
袚.袗. 袦芯谢褔邪薪芯胁邪	械谐芯	2
袗.袧. 小谢械锌泻芯胁邪	械谐芯	2
袝卸芯胁	胁芯褋褋褌邪薪芯胁谢械薪懈懈	2
袝卸芯胁	褉褟写邪褏	2
胁芯褋褋褌邪薪芯胁谢械薪懈懈	褉褟写邪褏	2
袝.袗. 袗褎邪薪邪褋褜械胁邪	袝卸芯胁	2
袟懈薪芯胁褜械胁	袩芯谢懈褌斜褞褉芯	2
袝卸芯胁	锌懈褋褜屑邪	2
袗谐褉邪薪芯胁	袟懈薪芯胁褜械胁	2
袝卸芯胁	小.袚. 袪邪写芯屑褘褋谢褜褋泻芯谐芯	2
袗谐褉邪薪芯胁	袚.袚. 携谐芯写械	2
袗.小. 袝薪褍泻懈写蟹械	袝卸芯胁	2
蟹邪褋械写邪薪懈褟	锌谢械薪褍屑邪	2
袝.袧. 袙邪褋懈谢褜械胁邪	袣袩袣	2
袝.袧. 袙邪褋懈谢褜械胁邪	褉械邪谐懈褉芯胁邪薪懈懈	2
袝.袧. 袙邪褋懈谢褜械胁邪	薪械斜谢邪谐芯锌芯谢褍褔薪芯屑	2
袝.袧. 袙邪褋懈谢褜械胁邪	锌褉邪胁懈褌械谢褜褋褌胁械薪薪芯泄	2
袝.袧. 袙邪褋懈谢褜械胁邪	胁褉械屑褟	2
袣袩袣	胁褉械屑褟	2
胁褉械屑褟	褉械邪谐懈褉芯胁邪薪懈懈	2
胁褉械屑褟	薪械斜谢邪谐芯锌芯谢褍褔薪芯屑	2
胁褉械屑褟	锌褉邪胁懈褌械谢褜褋褌胁械薪薪芯泄	2
袦.肖. 楔泻懈褉褟褌芯胁褍	褉械邪谐懈褉芯胁邪薪懈懈	2
袦.肖. 楔泻懈褉褟褌芯胁褍	薪械斜谢邪谐芯锌芯谢褍褔薪芯屑	2
袗谐褉邪薪芯胁	袪.小. 袘械薪薪械褌	2
袝卸芯胁	袪.小. 袘械薪薪械褌	2
袝.袣. 袦褍褏邪薪芯胁芯泄	袧.袗. 袪芯蟹械薪褎械谢褜写	2
袗谐褉邪薪芯胁	袙.袚. 袘械谢芯胁邪	2
袙.袚. 袘械谢芯胁邪	袝卸芯胁	2
袗谐褉邪薪芯胁	袝.袣. 袦褍褏邪薪芯胁芯泄	2
袝.袣. 袦褍褏邪薪芯胁芯泄	袝卸芯胁	2
袚.袘. 小懈薪邪薪懈-	袝卸芯胁	2
袝卸芯胁	袣邪屑械薪械胁	2
邪褉械褋褌芯胁邪薪薪褘褏	写械谢褍	2
袝卸芯胁	泻褉械屑谢械胁褋泻懈褏	2
袦.肖. 楔泻懈褉褟褌芯胁褍	锌芯谢芯卸械薪懈懈	2
锌芯谢芯卸械薪懈懈	锌褉邪胁懈褌械谢褜褋褌胁械薪薪芯泄	2
袝卸芯胁	袧.袘. 袪芯蟹械薪褎械谢褜写邪	2
袝卸芯胁	袟.袦. 袘械谢械薪褜泻芯谐芯	2
袝卸芯胁	褉械蟹褍谢褜褌邪褌邪褏	2
袟.袦. 袘械谢械薪褜泻芯谐芯	袦.肖. 楔泻懈褉褟褌芯胁邪	2
袦.肖. 楔泻懈褉褟褌芯胁邪	褉械蟹褍谢褜褌邪褌邪褏	2
袟.袦. 袘械谢械薪褜泻芯谐芯	小褌邪谢懈薪	2
小褌邪谢懈薪	褉械蟹褍谢褜褌邪褌邪褏	2
袚.袘. 小懈薪邪薪懈-	袦.袘. 效械褉薪芯屑芯褉写懈泻褍	2
袛.小. 袗蟹斜械谢褟	袝卸芯胁	2
袗谐褉邪薪芯胁	袣.袣. 袦褍褏邪薪芯胁邪	2
袝卸芯胁	袣.袣. 袦褍褏邪薪芯胁邪	2
袗.肖. 楔邪褉邪锌芯胁芯泄	袗谐褉邪薪芯胁	2
袗.肖. 楔邪褉邪锌芯胁芯泄	袝卸芯胁	2
袝卸芯胁	袦.袦. 啸邪褉懈褌芯薪芯胁邪	2
袟懈薪芯胁褜械胁	袥械薪懈薪谐褉邪写械	2
袣邪屑械薪械胁	孝.袠. 袚谢械斜芯胁芯泄	2
袘.袧. 小邪褏芯胁邪	小褌邪谢懈薪	2
袚.袚. 携谐芯写褘	袠.孝. 小屑懈谢谐懈	2
写械谢褍	谢懈褑	2
袟懈薪芯胁褜械胁	谢懈褑	2
袟.袛. 啸邪薪懈泻	褋褘薪邪	2
袥.袗. 楔邪褑泻懈薪邪	小褌邪谢懈薪	2
袚.袝. 袝胁写芯泻懈屑芯胁邪	小褌邪谢懈薪	2
袣邪屑械薪械胁	锌芯泻邪蟹邪薪懈褟褏	2
袚.袠. 小邪褎邪褉芯胁邪	袣邪屑械薪械胁	2
小褌邪谢懈薪	锌芯胁芯写褍	2
袚.袚. 携谐芯写褘	袦.袦. 啸邪褉懈褌芯薪芯胁邪	2
袙.袙. 袪褍屑褟薪褑械胁褍	袟懈薪芯胁褜械胁	2
袚.肖. 袩芯锌芯胁褘屑	袧.袧. 楔邪褌褋泻懈屑	2
袚.袣. 袨褉写卸芯薪懈泻懈写蟹械	小褌邪谢懈薪	2
袗褋褌褉芯胁	袝卸芯胁	2
写械谢褍	褋谢械写褋褌胁懈懈	2
袘.袚. 袣芯蟹械谢械胁邪	袝卸芯胁	2
袘.袚. 袣芯蟹械谢械胁邪	小褌邪谢懈薪	2
袙.肖. 袚芯谢芯胁懈薪邪	袝卸芯胁	2
袙.肖. 袚芯谢芯胁懈薪邪	小褌邪谢懈薪	2
袝卸芯胁	袥.小. 孝械褉-	2
袥.小. 孝械褉-	小褌邪谢懈薪	2
袛.袩. 袘褍褏邪褉褑械胁邪	袝卸芯胁	2
袛.袩. 袘褍褏邪褉褑械胁邪	小褌邪谢懈薪	2
袥.肖. 袛懈褌褟褌械胁芯泄	小褌邪谢懈薪	2
袙.袗. 袣芯褌芯胁邪	袝卸芯胁	2
袙.袗. 袣芯褌芯胁邪	小褌邪谢懈薪	2
袗.袦. 袟芯褉懈薪邪	袝卸芯胁	2
袗.袦. 袟芯褉懈薪邪	小褌邪谢懈薪	2
袗.袠. 小褌械褑泻芯谐芯	小褌邪谢懈薪	2
邪薪褌懈褋芯胁械褌褋泻芯谐芯	褑械薪褌褉邪	2
袝卸芯胁	袥.小. 袦邪屑懈褕胁懈谢懈-	2
袥.小. 袦邪屑懈褕胁懈谢懈-	小褌邪谢懈薪	2
袝卸芯胁	小.啸. 袙邪褉写邪薪懈邪薪邪	2
小.啸. 袙邪褉写邪薪懈邪薪邪	小褌邪谢懈薪	2
袝卸芯胁	袣.小. 袛芯褉芯褎械械胁邪	2
袝卸芯胁	啸.袚. 袪邪泻芯胁褋泻芯谐芯	2
袙.袩. 袩芯褌械屑泻懈薪邪	袧袣袠袛	2
袪芯屑屑	锌芯泻邪蟹邪薪懈褟褏	2
袗.袗. 孝褉芯褟薪芯胁褋泻芯谐芯	袪芯屑屑	2
袧袣袠袛	袪芯屑屑	2
袟懈薪芯胁褜械胁	褌褉褍写芯褍褋褌褉芯泄褋褌胁械	2
小褌邪谢懈薪	褌褉褍写芯褍褋褌褉芯泄褋褌胁械	2
袟懈薪芯胁褜械胁	胁芯褋褋褌邪薪芯胁谢械薪懈懈	2
袝.袙. 笑械褌谢懈薪邪	袣芯谢谢械谐懈褞	2
袦.袩. 孝芯屑褋泻芯谐芯	小褌邪谢懈薪	2
袚.袚. 携谐芯写械	袧.袧. 袗谢械泻褋械械胁邪	2
袚.袚. 携谐芯写褘	褌褉芯褑泻懈褋褌褋泻芯泄	2
小屑懈褉薪芯胁	小褌邪谢懈薪	2
小褌邪谢懈薪	褌褉芯褑泻懈褋褌褋泻芯泄	2
袟懈薪芯胁褜械胁	小械泻褉械褌邪褉懈邪褌	2
袟懈薪芯胁褜械胁	袥.袦. 袣邪谐邪薪芯胁懈褔褍	2
袗.携. 袙褘褕懈薪褋泻芯屑褍	小褌邪谢懈薪	2
袛.孝. 楔械褉屑械褉谐芯褉薪邪	小褌邪谢懈薪	2
袝卸芯胁	袦.小. 袘芯谐褍褋谢邪胁褋泻芯谐芯	2
袦.小. 袘芯谐褍褋谢邪胁褋泻芯谐芯	小褌邪谢懈薪	2
袝卸芯胁	袪芯屑屑	2
袪芯屑屑	小褌邪谢懈薪	2
袩褟褌邪泻芯胁	小芯泻芯谢褜薪懈泻芯胁	2
袝卸芯胁	小.袗. 袪邪褌邪泄褔邪泻芯屑	2
小.袗. 袪邪褌邪泄褔邪泻芯屑	小褌邪谢懈薪	2
袝卸芯胁	袠.袛. 孝褍褉芯泻邪	2
袠.袛. 孝褍褉芯泻邪	小褌邪谢懈薪	2
袗.袛. 袟邪泄褑械胁邪	袝卸芯胁	2
袗.袛. 袟邪泄褑械胁邪	小褌邪谢懈薪	2
袗.袗. 啸胁褘谢懈	小褌邪谢懈薪	2
小褌邪谢懈薪	写芯锌褉芯褋邪	2
袝卸芯胁	袩.肖. 小邪锌芯卸薪懈泻芯胁邪	2
袩.肖. 小邪锌芯卸薪懈泻芯胁邪	小褌邪谢懈薪	2
袝卸芯胁	袨.袩. 袛蟹械薪懈褋邪	2
袨.袩. 袛蟹械薪懈褋邪	小褌邪谢懈薪	2
袗.袦. 楔褌械泄薪邪	袝卸芯胁	2
袗.袦. 楔褌械泄薪邪	小褌邪谢懈薪	2
袘.袗. 袣褍褕薪械褉邪	袝卸芯胁	2
袘.袗. 袣褍褕薪械褉邪	小褌邪谢懈薪	2
袝卸芯胁	袧.袠. 袦褍褉邪谢芯胁邪	2
袧.袠. 袦褍褉邪谢芯胁邪	小褌邪谢懈薪	2
袝卸芯胁	袠.袗. 袣薪褟蟹械胁邪	2
袥.袟. 袦械褏谢懈褋邪	小褌邪谢懈薪	2
袥.袟. 袦械褏谢懈褋邪	袩褟褌邪泻芯胁	2
袝卸芯胁	袦.袗. 袞邪褉懈泻芯胁邪	2
袦.袗. 袞邪褉懈泻芯胁邪	小褌邪谢懈薪	2
袙.袠. 袧械胁褋泻芯谐芯	袝卸芯胁	2
袙.袠. 袧械胁褋泻芯谐芯	小褌邪谢懈薪	2
袝卸芯胁	袥.袝. 孝邪屑屑邪	2
袥.袝. 孝邪屑屑邪	小褌邪谢懈薪	2
袥.小. 小芯褋薪芯胁褋泻芯谐芯	小褌邪谢懈薪	2
袙.袠. 袩褍褔泻芯胁邪	袝卸芯胁	2
袙.袠. 袩褍褔泻芯胁邪	小褌邪谢懈薪	2
袙.袦. 袩褉懈屑邪泻芯胁邪	袝卸芯胁	2
袗.袗. 袛芯泻褍褔邪械胁邪	小褌邪谢懈薪	2
袘.袦. 孝邪谢褟	袥.小. 小芯褋薪芯胁褋泻芯谐芯	2
袗.袠. 袩芯褌褟械胁邪	袝卸芯胁	2
袗.袠. 袩芯褌褟械胁邪	小褌邪谢懈薪	2
袚.袝. 袩褍褕懈薪邪	袝卸芯胁	2
袚.袝. 袩褍褕懈薪邪	小褌邪谢懈薪	2
袛.袠. 袦邪褌胁械械胁邪	袝卸芯胁	2
袛.袠. 袦邪褌胁械械胁邪	小褌邪谢懈薪	2
袧.袙. 袚芯谢褍斜械薪泻芯	小褌邪谢懈薪	2
袗.袠. 挟谢懈薪邪	袝卸芯胁	2
袗.袗. 楔械褋褌芯胁邪	小褌邪谢懈薪	2
袗.携. 袙褘褕懈薪褋泻芯谐芯	袝卸芯胁	2
袝卸芯胁	蟹邪泻谢褞褔械薪懈褟	2
袝卸芯胁	肖.袠. 袙邪泄褋斜械褉谐邪	2
袦.袧. 携泻芯胁谢械胁邪	小褌邪谢懈薪	2
袚.袗. 袣芯谢芯褋泻芯胁邪	袝卸芯胁	2
袚.袗. 袣芯谢芯褋泻芯胁邪	小褌邪谢懈薪	2
袙.袗. 袘邪谢懈褑泻芯谐芯	袠.袨. 袚芯谢褜写械薪斜械褉谐邪	2
袝卸芯胁	袠.袨. 袚芯谢褜写械薪斜械褉谐邪	2
袙.袗. 袘邪谢懈褑泻芯谐芯	袠.袦. 袚褍褉械胁懈褔邪	2
袚.袚. 携谐芯写褘	袝.肖. 袣褍谢懈泻芯胁邪	2
袚.袚. 携谐芯写褘	袧.袠. 袦芯褋泻邪谢械胁邪	2
袝卸芯胁	袧.袠. 袦芯褋泻邪谢械胁邪	2
袙.袗. 袘邪谢懈褑泻芯谐芯	袙.肖. 袥芯谐懈薪芯胁邪	2
小.袗. 效懈褏谢邪写蟹械	芯斜胁懈薪褟械屑芯谐芯	2
袚.袚. 携谐芯写褘	袦.袨. 袟褞泻邪	2
袘.袠. 袣褍蟹褜屑懈褔械胁邪	袝卸芯胁	2
袗.挟. 孝懈胁械谢褟	袚.袚. 携谐芯写褘	2
袙.袗. 袘邪谢懈褑泻芯谐芯	写芯锌芯谢薪懈褌械谢褜薪褘褏	2
袝卸芯胁	写芯锌芯谢薪懈褌械谢褜薪褘褏	2
袚.袚. 携谐芯写械	写芯锌芯谢薪懈褌械谢褜薪褘褏	2
袧.袙. 袚芯谢褍斜械薪泻芯	写芯锌芯谢薪懈褌械谢褜薪褘褏	2
袧.袙. 袚芯谢褍斜械薪泻芯	锌芯泻邪蟹邪薪懈褟褏	2
袚.袚. 携谐芯写褘	袩褉懈谐芯卸懈薪	2
袝卸芯胁	袩褉懈谐芯卸懈薪	2
袚.袦. 袗褉泻褍褋邪	袝卸芯胁	2
袝卸芯胁	小.袦. 袟邪泻褋邪-	2
袚.袚. 携谐芯写褘	袣.袘. 袘械褉屑邪薪邪-	2
袣.袘. 袘械褉屑邪薪邪-	小褌邪谢懈薪	2
袚.袚. 携谐芯写褘	小.携. 袘邪斜邪褏邪薪邪	2
小.携. 袘邪斜邪褏邪薪邪	小褌邪谢懈薪	2
袗.袙. 袚邪谢泻懈薪邪	袚.袚. 携谐芯写褘	2
袗.袙. 袚邪谢泻懈薪邪	小褌邪谢懈薪	2
袚.袚. 携谐芯写褘	袧.袥. 袥褍褉褜械	2
袚.袚. 携谐芯写褘	袛.袗. 楔屑懈写褌邪	2
袗.袠. 袘懈褉泻械薪谐芯褎邪	袚.袚. 携谐芯写褘	2
小褌邪谢懈薪	啸.袚. 袚褍褉械胁懈褔邪	2
袘褍褏邪褉懈薪	袩褉械蟹懈写懈褍屑	1
袘褍褏邪褉懈薪	小芯胁械褌邪	1
袘褍褏邪褉懈薪	锌芯屑懈谢芯胁邪薪懈懈	1
袩褉械蟹懈写懈褍屑	小芯胁械褌邪	1
袩褉械蟹懈写懈褍屑	锌芯屑懈谢芯胁邪薪懈懈	1
小芯胁械褌邪	锌芯屑懈谢芯胁邪薪懈懈	1
袘褍褏邪褉懈薪	褋谢芯胁邪	1
褋谢芯胁邪	褑械薪褌褉邪	1
袘褍褏邪褉懈薪	胁褉械屑褟	1
胁褉械屑褟	褑械薪褌褉邪	1
袘褍褏邪褉懈薪	袥.袙. 袣芯谐邪薪褍	1
袥.袙. 袣芯谐邪薪褍	袧.袛. 袟邪褉懈褑泻芯谐芯	1
袧.袛. 袟邪褉懈褑泻芯谐芯	褋谢械写芯胁邪褌械谢褞	1
袥.袙. 袣芯谐邪薪褍	褋谢械写芯胁邪褌械谢褞	1
袗.袦. 袥邪褉懈薪芯泄	袘褍褏邪褉懈薪	1
袘褍褏邪褉懈薪	蟹邪泻谢褞褔械薪薪芯谐芯	1
小.袦. 袚械褋褋械薪邪	泻芯薪褌邪泻褌邪褏	1
袦懈薪褋泻械	小.袦. 袚械褋褋械薪邪	1
袟懈薪芯胁褜械胁	小.袦. 袚械褋褋械薪邪	1
袦懈薪褋泻械	泻芯薪褌邪泻褌邪褏	1
袟懈薪芯胁褜械胁	泻芯薪褌邪泻褌邪褏	1
袟懈薪芯胁褜械胁	袦懈薪褋泻械	1
袝卸芯胁	袧.袦. 袘褍泻邪谢芯胁邪	1
袧.袦. 袘褍泻邪谢芯胁邪	小褌邪谢懈薪	1
袗.肖. 校谢褜褟薪芯胁邪	袝卸芯胁	1
袗.肖. 校谢褜褟薪芯胁邪	小褌邪谢懈薪	1
袘褍褏邪褉懈薪	邪褉械褋褌芯胁邪薪薪芯谐芯	1
袝卸芯胁	褋芯谐谢邪褋懈懈	1
小褌邪谢懈薪	褋芯谐谢邪褋懈懈	1
袘褍褏邪褉懈薪	褋芯谐谢邪褋懈懈	1
袚.袚. 携谐芯写芯泄	袪邪写械泻	1
袪邪写械泻	械谐芯	1
袚.袚. 携谐芯写芯泄	袝卸芯胁	1
袚.袚. 携谐芯写芯泄	械谐芯	1
袗谐褉邪薪芯胁	袘褍褏邪褉懈薪	1
袚.袗. 袦芯谢褔邪薪芯胁邪	小褌邪谢懈薪	1
袝卸芯胁	小.袦. 孝邪屑邪褉泻懈薪邪	1
袝卸芯胁	褋邪薪泻褑懈懈	1
小.袦. 孝邪屑邪褉泻懈薪邪	小褌邪谢懈薪	1
小褌邪谢懈薪	褋邪薪泻褑懈懈	1
小.袦. 孝邪屑邪褉泻懈薪邪	褋邪薪泻褑懈懈	1
袝卸芯胁	袦.袥. 袥械胁懈薪邪	1
袦.袥. 袥械胁懈薪邪	小褌邪谢懈薪	1
袘.袥. 袣芯谢械褋薪懈泻芯胁邪	袝卸芯胁	1
袘.袥. 袣芯谢械褋薪懈泻芯胁邪	小褌邪谢懈薪	1
袛.袩. 袦邪褉械褑泻芯谐芯	袝卸芯胁	1
袛.袩. 袦邪褉械褑泻芯谐芯	小褌邪谢懈薪	1
袝卸芯胁	挟.袠. 袛褍泻邪褌邪	1
小褌邪谢懈薪	挟.袠. 袛褍泻邪褌邪	1
袘褍褏邪褉懈薪	效谢械薪芯胁	1
袚.小. 袚械褉邪褋懈屑邪褌芯	袝卸芯胁	1
袚.小. 袚械褉邪褋懈屑邪褌芯	小褌邪谢懈薪	1
袗.袗. 孝邪斜邪薪邪泻芯胁邪	袝卸芯胁	1
袗.袗. 孝邪斜邪薪邪泻芯胁邪	小褌邪谢懈薪	1
小褌邪谢懈薪	锌谢械薪褍屑邪	1
袙.袙. 楔屑懈写褌芯屑	袪褘泻芯胁	1
袙.袙. 楔屑懈写褌芯屑	芯褔薪芯泄	1
袪褘泻芯胁	芯褔薪芯泄	1
袪邪写懈薪	袪褘泻芯胁	1
袘.袩. 袧械褋褌械褉芯胁褘屑	袝卸芯胁	1
袘.袩. 袧械褋褌械褉芯胁褘屑	小褌邪谢懈薪	1
袘.袩. 袧械褋褌械褉芯胁褘屑	袪褘泻芯胁	1
袗.袛. 袗褉械褎褜械胁邪	袝卸芯胁	1
袗.袛. 袗褉械褎褜械胁邪	小褌邪谢懈薪	1
袝卸芯胁	携.袣. 携谐谢芯屑邪	1
小褌邪谢懈薪	携.袣. 携谐谢芯屑邪	1
袚.袚. 携谐芯写褘	袚邪胁械薪	1
袚邪胁械薪	小褌邪谢懈薪	1
袚.袝. 袩褉芯泻芯褎褜械胁邪	袨.袗. 袦械褕泻芯胁褋泻芯泄	1
袝卸芯胁	袨.袗. 袦械褕泻芯胁褋泻芯泄	1
袚.袚. 携谐芯写褘	芯斜褘褋泻邪褏	1
袚.袚. 携谐芯写褘	小芯褉屑芯胁褋泻芯屑	1
小褌邪谢懈薪	芯斜褘褋泻邪褏	1
小芯褉屑芯胁褋泻芯屑	小褌邪谢懈薪	1
小芯褉屑芯胁褋泻芯屑	芯斜褘褋泻邪褏	1
袚.袝. 袩褉芯泻芯褎褜械胁邪	小.肖. 袙邪褋懈谢褜褔械薪泻芯	1
袝卸芯胁	小.肖. 袙邪褋懈谢褜褔械薪泻芯	1
袗.小. 小芯泻芯谢芯胁邪	袚.袚. 携谐芯写褘	1
袗.小. 小芯泻芯谢芯胁邪	小褌邪谢懈薪	1
袚.袝. 袩褉芯泻芯褎褜械胁邪	袠.袠. 孝褉褍褋芯胁邪	1
袠.袠. 孝褉褍褋芯胁邪	小褌邪谢懈薪	1
袚.袝. 袩褉芯泻芯褎褜械胁邪	楔械屑械谢械胁	1
袝卸芯胁	楔械屑械谢械胁	1
袗.袩. 袟邪谐芯褉褍谢褜泻芯	携.小. 袪芯蟹邪薪芯胁褘屑	1
袚.袝. 袩褉芯泻芯褎褜械胁邪	袦.袚. 小邪褎褜褟薪芯胁邪	1
袝卸芯胁	袦.袚. 小邪褎褜褟薪芯胁邪	1
袚.携. 袦邪褉械薪泻芯	携.小. 袪芯蟹邪薪芯胁褘屑	1
袗.携. 袙褘褕懈薪褋泻芯谐芯	袚.袚. 携谐芯写褘	1
袗.携. 袙褘褕懈薪褋泻芯谐芯	蟹邪锌懈褋泻懈	1
袗.携. 袙褘褕懈薪褋泻芯谐芯	褌褉芯褑泻懈褋褌邪褏	1
小褌邪谢懈薪	蟹邪锌懈褋泻懈	1
小褌邪谢懈薪	褌褉芯褑泻懈褋褌邪褏	1
袚.袚. 携谐芯写褘	蟹邪锌懈褋泻懈	1
袚.袚. 携谐芯写褘	褌褉芯褑泻懈褋褌邪褏	1
蟹邪锌懈褋泻懈	褌褉芯褑泻懈褋褌邪褏	1
袗.袠. 袘褉懈谐谐懈褋邪	袚.袝. 袩褉芯泻芯褎褜械胁邪	1
袗.袠. 袘褉懈谐谐懈褋邪	袝卸芯胁	1
袚.袝. 袩褉芯泻芯褎褜械胁邪	袚.袥. 啸邪褋懈薪邪	1
袚.袥. 啸邪褋懈薪邪	袝卸芯胁	1
袚.袝. 袩褉芯泻芯褎褜械胁邪	袠.袠. 袚芯褉芯胁懈褔邪	1
袚.袝. 袩褉芯泻芯褎褜械胁邪	袠.袧. 小褌褍泻芯胁邪	1
袝卸芯胁	袠.袧. 小褌褍泻芯胁邪	1
袚.袝. 袩褉芯泻芯褎褜械胁邪	袦芯谢芯褌芯胁	1
袚.袝. 袩褉芯泻芯褎褜械胁邪	袚.袩. 袙褟褌泻懈薪邪	1
袦芯谢芯褌芯胁	小褌邪谢懈薪	1
袚.袩. 袙褟褌泻懈薪邪	小褌邪谢懈薪	1
袚.袩. 袙褟褌泻懈薪邪	袦芯谢芯褌芯胁	1
袚.袩. 袙褟褌泻懈薪邪	袝卸芯胁	1
袚.袝. 袩褉芯泻芯褎褜械胁邪	肖.袗. 袚芯褉斜褍薪芯胁芯泄	1
袝卸芯胁	肖.袗. 袚芯褉斜褍薪芯胁芯泄	1
袚.袚. 携谐芯写褘	褉械锌褉械褋褋懈褉芯胁邪薪懈懈	1
小褌邪谢懈薪	褉械锌褉械褋褋懈褉芯胁邪薪懈懈	1
袗.袩. 袟邪谐芯褉褍谢褜泻芯	袦.袗. 袧褘褉褔褍泻芯屑	1
袙.袦. 袩芯锌芯胁邪	袚.袝. 袩褉芯泻芯褎褜械胁邪	1
袙.袦. 袩芯锌芯胁邪	袝卸芯胁	1
袚.袚. 携谐芯写褘	楔械屑械谢械胁	1
小褌邪谢懈薪	楔械屑械谢械胁	1
袚.袚. 携谐芯写褘	袥.袠. 袩芯薪芯屑邪褉械胁邪	1
袝卸芯胁	袥.袠. 袩芯薪芯屑邪褉械胁邪	1
袚.袚. 携谐芯写褘	袨谢褜斜械褉谐	1
袚.袝. 袩褉芯泻芯褎褜械胁邪	袦.袩. 袞邪泻芯胁邪	1
袦.袩. 袞邪泻芯胁邪	小褌邪谢懈薪	1
袦.袩. 袞邪泻芯胁邪	袦芯谢芯褌芯胁	1
袦芯谢芯褌芯胁	邪褉械褋褌械	1
袦.袩. 袞邪泻芯胁邪	邪褉械褋褌械	1
袚.袝. 袩褉芯泻芯褎褜械胁邪	袣.袠. 袚懈写谢械胁褋泻芯谐芯	1
袝卸芯胁	袣.袠. 袚懈写谢械胁褋泻芯谐芯	1
袗.袧. 小邪褎芯薪芯胁芯泄	袚.袝. 袩褉芯泻芯褎褜械胁邪	1
袗.袧. 小邪褎芯薪芯胁芯泄	小褌邪谢懈薪	1
袚.袝. 袩褉芯泻芯褎褜械胁邪	袝.袠. 袦邪泄蟹谢懈薪芯泄	1
袝.袠. 袦邪泄蟹谢懈薪芯泄	袝卸芯胁	1
袗.袚. 袣芯谢芯写懈薪邪	袝卸芯胁	1
袚.袝. 袩褉芯泻芯褎褜械胁邪	袩.袗. 袣芯胁邪谢械薪泻芯	1
袝卸芯胁	袩.袗. 袣芯胁邪谢械薪泻芯	1
袚.袚. 携谐芯写褘	袠.袠. 袚芯褉芯胁懈褔邪	1
袚.袝. 袩褉芯泻芯褎褜械胁邪	邪褉褏懈胁邪	1
小褌邪谢懈薪	邪褉褏懈胁邪	1
袗.袧. 袘褍褉芯胁邪	袝卸芯胁	1
袗.袧. 袘褍褉芯胁邪	褋械泻褉械褌邪褉褟	1
袗.袧. 袘褍褉芯胁邪	泻褉邪泄泻芯屑邪	1
袗.袧. 袘褍褉芯胁邪	褉邪褋泻褉褘褌懈懈	1
袝卸芯胁	褋械泻褉械褌邪褉褟	1
袝卸芯胁	泻褉邪泄泻芯屑邪	1
泻褉邪泄泻芯屑邪	褋械泻褉械褌邪褉褟	1
褉邪褋泻褉褘褌懈懈	褋械泻褉械褌邪褉褟	1
泻褉邪泄泻芯屑邪	褉邪褋泻褉褘褌懈懈	1
袗谐褉邪薪芯胁	袝.肖. 袣褍谢懈泻芯胁邪	1
袗.袧. 小谢械锌泻芯胁邪	袚.袗. 袦芯谢褔邪薪芯胁邪	1
袗.袧. 小谢械锌泻芯胁邪	袝卸芯胁	1
袗.携. 小胁械褉写谢芯胁邪	胁芯褋褋褌邪薪芯胁谢械薪懈懈	1
袗.携. 小胁械褉写谢芯胁邪	褉褟写邪褏	1
袙.袙. 袨褋懈薪褋泻芯谐芯	袝卸芯胁	1
袙.袙. 袨褋懈薪褋泻芯谐芯	胁芯褋褋褌邪薪芯胁谢械薪懈懈	1
袙.袙. 袨褋懈薪褋泻芯谐芯	褉褟写邪褏	1
袗谐褉邪薪芯胁	袝.袗. 袗褎邪薪邪褋褜械胁邪	1
袙.袗. 袙邪谐邪薪褟薪邪	袩芯谢懈褌斜褞褉芯	1
袟懈薪芯胁褜械胁	小芯泻芯谢褜薪懈泻芯胁	1
袩芯谢懈褌斜褞褉芯	小芯泻芯谢褜薪懈泻芯胁	1
小芯泻芯谢褜薪懈泻芯胁	锌芯泻邪蟹邪薪懈褟褏	1
袩芯谢懈褌斜褞褉芯	小褌邪谢懈薪	1
袟懈薪芯胁褜械胁	锌芯泻邪蟹邪薪懈褟褏	1
袩芯谢懈褌斜褞褉芯	锌芯泻邪蟹邪薪懈褟褏	1
袙.袝. 笑械褋邪褉褋泻芯谐芯	袝卸芯胁	1
袟懈薪芯胁褜械胁	袦.袩. 孝芯屑褋泻芯谐芯	1
袦.袩. 孝芯屑褋泻芯谐芯	袩芯谢懈褌斜褞褉芯	1
袦.袩. 孝芯屑褋泻芯谐芯	谢懈褌械褉邪褌褍褉薪芯泄	1
袟懈薪芯胁褜械胁	谢懈褌械褉邪褌褍褉薪芯泄	1
袩芯谢懈褌斜褞褉芯	谢懈褌械褉邪褌褍褉薪芯泄	1
袝卸芯胁	袟.袝. 小邪褉泻懈褋褜褟薪邪	1
袟.袝. 小邪褉泻懈褋褜褟薪邪	薪邪褔邪谢褜薪懈泻邪	1
袟.袝. 小邪褉泻懈褋褜褟薪邪	谐芯褉芯褌写械谢邪	1
袝卸芯胁	薪邪褔邪谢褜薪懈泻邪	1
袝卸芯胁	谐芯褉芯褌写械谢邪	1
谐芯褉芯褌写械谢邪	薪邪褔邪谢褜薪懈泻邪	1
袚.袦. 袗褉泻褍褋邪	袥.袦. 袣邪谐邪薪芯胁懈褔褍	1
袗谐褉邪薪芯胁	锌懈褋褜屑邪	1
袗.小. 袝薪褍泻懈写蟹械	袙.袠. 楔懈锌懈褏懈薪邪	1
袙.袠. 楔懈锌懈褏懈薪邪	褋胁褟蟹懈	1
袗.小. 袝薪褍泻懈写蟹械	褋胁褟蟹懈	1
袗谐褉邪薪芯胁	袚.袠. 小邪褎邪褉芯胁邪	1
袝卸芯胁	袠.袗. 袦邪谢褜谐懈薪邪	1
袠.袗. 袦邪谢褜谐懈薪邪	械谐芯	1
袗.小. 袝薪褍泻懈写蟹械	袥.袟. 袦械褏谢懈褋褍	1
袥.袟. 袦械褏谢懈褋褍	锌芯褋褌芯褟薪薪芯谐芯	1
袗.小. 袝薪褍泻懈写蟹械	锌芯褋褌芯褟薪薪芯谐芯	1
袗.小. 袝薪褍泻懈写蟹械	携.啸. 袩械褌械褉褋邪	1
袗.小. 袝薪褍泻懈写蟹械	袣械泻褋	1
袗.小. 袝薪褍泻懈写蟹械	屑邪褕懈薪芯褋褌褉芯懈褌械谢褜薪芯谐芯	1
袣械泻褋	携.啸. 袩械褌械褉褋邪	1
携.啸. 袩械褌械褉褋邪	屑邪褕懈薪芯褋褌褉芯懈褌械谢褜薪芯谐芯	1
袣械泻褋	屑邪褕懈薪芯褋褌褉芯懈褌械谢褜薪芯谐芯	1
袠.袗. 袗泻褍谢芯胁褍	袦.袠. 袚邪薪褕褌邪泻邪	1
袗.小. 袝薪褍泻懈写蟹械	袦.袠. 袚邪薪褕褌邪泻邪	1
袦.袠. 袚邪薪褕褌邪泻邪	蟹邪屑械褋褌懈褌械谢褟	1
袗.小. 袝薪褍泻懈写蟹械	袠.袗. 袗泻褍谢芯胁褍	1
袠.袗. 袗泻褍谢芯胁褍	蟹邪屑械褋褌懈褌械谢褟	1
袗.小. 袝薪褍泻懈写蟹械	蟹邪屑械褋褌懈褌械谢褟	1
袚.袚. 携谐芯写褘	袦.小. 袚芯谢械薪写芯	1
袝卸芯胁	袦.小. 袚芯谢械薪写芯	1
袚.袚. 携谐芯写褘	袧.袙. 袣芯屑芯谐芯褉芯胁邪	1
袧.袙. 袣芯屑芯谐芯褉芯胁邪	小褌邪谢懈薪	1
袚.袚. 携谐芯写褘	小.袚. 袪邪写芯屑褘褋谢褜褋泻芯谐芯	1
袟懈薪芯胁褜械胁	小.袚. 袪邪写芯屑褘褋谢褜褋泻芯谐芯	1
袗.袦. 袚褍褋械胁邪	袝卸芯胁	1
袗.袦. 袚褍褋械胁邪	袣袩袣	1
袗.小. 袝薪褍泻懈写蟹械	褋胁褟蟹褟褏	1
袗.袠. 袣邪褉屑邪谢懈褌芯胁邪	械谐芯	1
蟹邪褋械写邪薪懈褟	芯褌褔械褌邪	1
芯褌褔械褌邪	锌谢械薪褍屑邪	1
袗.小. 袝薪褍泻懈写蟹械	写械谢褍	1
袗.小. 袝薪褍泻懈写蟹械	邪锌锌邪褉邪褌械	1
邪锌锌邪褉邪褌械	写械谢褍	1
袝卸芯胁	袪.袗. 袩械褌械褉褋芯薪邪	1
袪.袗. 袩械褌械褉褋芯薪邪	胁芯锌褉芯褋邪屑	1
袝卸芯胁	胁芯锌褉芯褋邪屑	1
袩.肖. 袟邪泄褑械胁邪	胁芯锌褉芯褋褍	1
袩.肖. 袟邪泄褑械胁邪	褔褍卸写褘褏	1
袩.肖. 袟邪泄褑械胁邪	邪锌锌邪褉邪褌械	1
袝卸芯胁	胁芯锌褉芯褋褍	1
袝卸芯胁	褔褍卸写褘褏	1
胁芯锌褉芯褋褍	褔褍卸写褘褏	1
邪锌锌邪褉邪褌械	胁芯锌褉芯褋褍	1
邪锌锌邪褉邪褌械	褔褍卸写褘褏	1
袝.袧. 袙邪褋懈谢褜械胁邪	袝卸芯胁	1
袝卸芯胁	褉械邪谐懈褉芯胁邪薪懈懈	1
袝卸芯胁	薪械斜谢邪谐芯锌芯谢褍褔薪芯屑	1
袝卸芯胁	锌褉邪胁懈褌械谢褜褋褌胁械薪薪芯泄	1
袝卸芯胁	胁褉械屑褟	1
袚.袚. 携谐芯写褘	屑械褉邪褏	1
小褌邪谢懈薪	屑械褉邪褏	1
小械泻褉械褌邪褉懈邪褌邪	写械谢械	1
袦.肖. 楔泻懈褉褟褌芯胁褍	袪.袗. 袩械褌械褉褋芯薪邪	1
袛.袠. 袗薪褌懈锌邪褋邪	袪.袗. 袩械褌械褉褋芯薪邪	1
袪.袗. 袩械褌械褉褋芯薪邪	芯褌胁械褌	1
袛.袠. 袗薪褌懈锌邪褋邪	袦.肖. 楔泻懈褉褟褌芯胁褍	1
袦.肖. 楔泻懈褉褟褌芯胁褍	芯褌胁械褌	1
袛.袠. 袗薪褌懈锌邪褋邪	芯褌胁械褌	1
袝.袧. 袙邪褋懈谢褜械胁邪	袦.肖. 楔泻懈褉褟褌芯胁褍	1
袦.肖. 楔泻懈褉褟褌芯胁褍	胁褉械屑褟	1
袙.袣. 小芯褌褋泻芯胁邪	袦.肖. 楔泻懈褉褟褌芯胁褍	1
袙.袣. 小芯褌褋泻芯胁邪	袣袩袣	1
袙.袣. 小芯褌褋泻芯胁邪	褉械邪谐懈褉芯胁邪薪懈懈	1
袙.袣. 小芯褌褋泻芯胁邪	薪械斜谢邪谐芯锌芯谢褍褔薪芯屑	1
袙.袣. 小芯褌褋泻芯胁邪	锌褉邪胁懈褌械谢褜褋褌胁械薪薪芯泄	1
小械泻褉械褌邪褉懈邪褌褍	邪泻褌褍	1
袙.袙. 袨褋懈薪褋泻芯谐芯	小褌邪谢懈薪	1
袚.袚. 携谐芯写褘	芯泻芯薪褔邪薪懈懈	1
小褌邪谢懈薪	芯泻芯薪褔邪薪懈懈	1
袗谐褉邪薪芯胁	袙.袦. 袪芯褏懈薪褋芯薪邪	1
袙.袦. 袪芯褏懈薪褋芯薪邪	袝卸芯胁	1
袙.袚. 携泻芯胁械薪泻芯	小袩袨	1
袗.袧. 袩芯褋泻褉械斜褘褕械胁褍	袗.小. 袣褍泻谢懈薪邪	1
袗.小. 袣褍泻谢懈薪邪	卸械薪褘	1
袗.袧. 袩芯褋泻褉械斜褘褕械胁褍	卸械薪褘	1
袠.袠. 小芯谢芯胁褜械胁邪	泻邪褔械褋褌胁械	1
袗谐褉邪薪芯胁	挟.袛. 校褉褍褋芯胁邪	1
袝卸芯胁	挟.袛. 校褉褍褋芯胁邪	1
袝.孝. 效械褉泻邪褋芯胁芯泄	泻邪褔械褋褌胁械	1
小.孝. 校蟹写邪薪褋泻芯谐芯	泻邪褔械褋褌胁械	1
袗谐褉邪薪芯胁	袥.袗. 袙芯褉芯薪芯胁邪	1
袝卸芯胁	袥.袗. 袙芯褉芯薪芯胁邪	1
袦.袠. 袪褟斜懈薪懈薪芯泄	泻邪褔械褋褌胁械	1
袟.袠. 袛邪胁褘写芯胁芯泄	袧.袗. 袪芯蟹械薪褎械谢褜写	1
袘.袧. 袪芯蟹械薪褎械谢褜写芯屑	袝.袣. 袦褍褏邪薪芯胁芯泄	1
袩.肖. 袟邪泄褑械胁邪	锌械褉械胁芯写械	1
袝卸芯胁	锌械褉械胁芯写械	1
袗谐褉邪薪芯胁	袘.袧. 袪芯蟹械薪褎械谢褜写邪	1
袘.袧. 袪芯蟹械薪褎械谢褜写邪	袝卸芯胁	1
袧.袧. 袦懈褖械薪泻芯	袩.肖. 袩芯谢褟泻芯胁褘屑	1
袗.袗. 袚邪褉写懈薪邪-	袗谐褉邪薪芯胁	1
袗.袗. 袚邪褉写懈薪邪-	袝卸芯胁	1
袝.袣. 袦褍褏邪薪芯胁芯泄	袟.袠. 袛邪胁褘写芯胁芯泄	1
袟.袠. 袛邪胁褘写芯胁芯泄	袧.袠. 袘褍褉邪谐芯	1
袗谐褉邪薪芯胁	袧.袠. 袘褍褉邪谐芯	1
袝卸芯胁	袧.袠. 袘褍褉邪谐芯	1
袝.袠. 袦械写泻芯胁邪	泻邪褔械褋褌胁械	1
袗谐褉邪薪芯胁	袚.袘. 小懈薪邪薪懈-	1
写械谢褍	褋芯褌褉褍写薪懈泻芯胁	1
邪泻褌邪	褋芯褌褉褍写薪懈泻芯胁	1
邪泻褌邪	写械谢褍	1
袣褉械屑谢械	邪褉械褋褌芯胁邪薪薪褘褏	1
袣褉械屑谢械	写械谢褍	1
袙.携. 袚芯谢芯胁褋泻懈屑-	袣.袣. 袦褍褏邪薪芯胁褘屑	1
袗谐褉邪薪芯胁	肖.袚. 袠胁邪薪芯胁邪	1
袝卸芯胁	肖.袚. 袠胁邪薪芯胁邪	1
袝卸芯胁	锌褉芯胁械写械薪懈懈	1
小褌邪谢懈薪	锌褉芯胁械写械薪懈懈	1
小褌邪谢懈薪	泻褉械屑谢械胁褋泻懈褏	1
泻褉械屑谢械胁褋泻懈褏	锌褉芯胁械写械薪懈懈	1
袗.袙. 袘芯褔邪褉芯胁邪	袗谐褉邪薪芯胁	1
袗.袙. 袘芯褔邪褉芯胁邪	袝卸芯胁	1
袝.携. 袘褍泻谢械褟	泻邪褔械褋褌胁械	1
袚.袘. 袥懈斜械褉屑邪薪邪	袚.袚. 携谐芯写褘	1
袚.袘. 袥懈斜械褉屑邪薪邪	袝卸芯胁	1
袛.袠. 袗薪褌懈锌邪褋邪	袝卸芯胁	1
袛.袠. 袗薪褌懈锌邪褋邪	褉邪斜芯褌薪懈泻邪褏	1
袛.袠. 袗薪褌懈锌邪褋邪	袣褉械屑谢褟	1
袝卸芯胁	褉邪斜芯褌薪懈泻邪褏	1
袝卸芯胁	袣褉械屑谢褟	1
袣褉械屑谢褟	褉邪斜芯褌薪懈泻邪褏	1
袦.肖. 楔泻懈褉褟褌芯胁褍	小.袩. 孝械褉懈褏芯胁邪	1
小.袩. 孝械褉懈褏芯胁邪	胁芯锌褉芯褋褍	1
小.袩. 孝械褉懈褏芯胁邪	锌芯谢芯卸械薪懈懈	1
小.袩. 孝械褉懈褏芯胁邪	锌褉邪胁懈褌械谢褜褋褌胁械薪薪芯泄	1
袦.肖. 楔泻懈褉褟褌芯胁褍	胁芯锌褉芯褋褍	1
胁芯锌褉芯褋褍	锌芯谢芯卸械薪懈懈	1
胁芯锌褉芯褋褍	锌褉邪胁懈褌械谢褜褋褌胁械薪薪芯泄	1
袚.袘. 小懈薪邪薪懈-	袚.袚. 携谐芯写褘	1
袚.袚. 携谐芯写褘	袧.袘. 小泻邪谢芯胁芯泄	1
袝卸芯胁	袧.袘. 小泻邪谢芯胁芯泄	1
袚.袚. 携谐芯写褘	袧.袘. 袪芯蟹械薪褎械谢褜写邪	1
袝.袛. 小芯泻芯谢芯胁芯泄	袦.肖. 楔泻懈褉褟褌芯胁褍	1
袝.袛. 小芯泻芯谢芯胁芯泄	袣袩袣	1
袝.袛. 小芯泻芯谢芯胁芯泄	锌芯谢芯卸械薪懈懈	1
袝.袛. 小芯泻芯谢芯胁芯泄	锌褉邪胁懈褌械谢褜褋褌胁械薪薪芯泄	1
袣袩袣	锌芯谢芯卸械薪懈懈	1
袙.袛. 袙褍泄芯胁懈褔械屑	袚.袚. 携谐芯写褘	1
袙.袛. 袙褍泄芯胁懈褔械屑	袝卸芯胁	1
袙.袛. 袙褍泄芯胁懈褔械屑	袟懈薪芯胁褜械胁	1
袗.袥. 袚芯谢芯褋褌褍锌械褑邪	泻邪褔械褋褌胁械	1
袚.袚. 携谐芯写褘	袦.袦. 袦懈褏邪泄谢芯胁邪	1
袝卸芯胁	袦.袦. 袦懈褏邪泄谢芯胁邪	1
袝卸芯胁	袩芯谢懈褌斜褞褉芯	1
袝卸芯胁	褋械泻褉械褌薪褘屑	1
袟.袦. 袘械谢械薪褜泻芯谐芯	袩芯谢懈褌斜褞褉芯	1
袟.袦. 袘械谢械薪褜泻芯谐芯	褋械泻褉械褌薪褘屑	1
袩芯谢懈褌斜褞褉芯	褉械蟹褍谢褜褌邪褌邪褏	1
袩芯谢懈褌斜褞褉芯	褋械泻褉械褌薪褘屑	1
褉械蟹褍谢褜褌邪褌邪褏	褋械泻褉械褌薪褘屑	1
袝卸芯胁	袦.肖. 楔泻懈褉褟褌芯胁邪	1
袝卸芯胁	笑袠袣	1
袦.肖. 楔泻懈褉褟褌芯胁邪	笑袠袣	1
袟.袦. 袘械谢械薪褜泻芯谐芯	笑袠袣	1
小褌邪谢懈薪	笑袠袣	1
笑袠袣	褉械蟹褍谢褜褌邪褌邪褏	1
袦.袘. 效械褉薪芯屑芯褉写懈泻褍	携泻褍斜芯胁懈褔邪	1
袦.袘. 效械褉薪芯屑芯褉写懈泻褍	谢懈褔薪芯屑	1
袚.袘. 小懈薪邪薪懈-	携泻褍斜芯胁懈褔邪	1
袚.袘. 小懈薪邪薪懈-	谢懈褔薪芯屑	1
携泻褍斜芯胁懈褔邪	谢懈褔薪芯屑	1
袘.袗. 袙邪褋懈谢褜械胁邪	袦.袘. 效械褉薪芯屑芯褉写懈泻褍	1
袘.袗. 袙邪褋懈谢褜械胁邪	袚.袘. 小懈薪邪薪懈-	1
袘.袗. 袙邪褋懈谢褜械胁邪	芯斜褋褌芯褟褌械谢褜褋褌胁邪褏	1
袘.袗. 袙邪褋懈谢褜械胁邪	袣芯屑懈薪褌械褉薪	1
袦.袘. 效械褉薪芯屑芯褉写懈泻褍	芯斜褋褌芯褟褌械谢褜褋褌胁邪褏	1
袣芯屑懈薪褌械褉薪	袦.袘. 效械褉薪芯屑芯褉写懈泻褍	1
袚.袘. 小懈薪邪薪懈-	芯斜褋褌芯褟褌械谢褜褋褌胁邪褏	1
袚.袘. 小懈薪邪薪懈-	袣芯屑懈薪褌械褉薪	1
袣芯屑懈薪褌械褉薪	芯斜褋褌芯褟褌械谢褜褋褌胁邪褏	1
袚.袚. 携谐芯写褘	袛.小. 袗蟹斜械谢褟	1
袠袣袣袠	蟹邪泻褉褘褌芯谐芯	1
谢懈褑	褎芯薪写邪	1
袝.袛. 小芯泻芯谢芯胁芯泄	泻邪褔械褋褌胁械	1
袩.肖. 袟邪泄褑械胁邪	薪械写芯褋褌邪褌泻邪褏	1
袝卸芯胁	薪械写芯褋褌邪褌泻邪褏	1
袗.携. 小胁械褉写谢芯胁邪	袗谐褉邪薪芯胁	1
袝卸芯胁	小.袧. 笑褘斜褍谢褜薪懈泻邪	1
小.袧. 笑褘斜褍谢褜薪懈泻邪	薪邪谢懈褔懈懈	1
小.袧. 笑褘斜褍谢褜薪懈泻邪	邪锌锌邪褉邪褌械	1
小.袧. 笑褘斜褍谢褜薪懈泻邪	褝谢械屑械薪褌邪	1
袝卸芯胁	薪邪谢懈褔懈懈	1
袝卸芯胁	褝谢械屑械薪褌邪	1
邪锌锌邪褉邪褌械	薪邪谢懈褔懈懈	1
薪邪谢懈褔懈懈	褝谢械屑械薪褌邪	1
邪锌锌邪褉邪褌械	褝谢械屑械薪褌邪	1
袗.小. 袣褍泻谢懈薪邪	袗.携. 袙褘褕懈薪褋泻芯谐芯	1
袗.小. 袣褍泻谢懈薪邪	小褌邪谢懈薪	1
袗谐褉邪薪芯胁	袛.小. 袗蟹斜械谢褟	1
袝.肖. 袝褉屑芯谢邪械胁芯泄	袝卸芯胁	1
袗谐褉邪薪芯胁	袧.袘. 袪芯蟹械薪褎械谢褜写邪	1
袗谐褉邪薪芯胁	袥.携. 袧械褏邪屑泻懈薪邪	1
袝卸芯胁	袥.携. 袧械褏邪屑泻懈薪邪	1
袚.袘. 小懈薪邪薪懈-	懈褋泻谢褞褔械薪懈懈	1
袚.袘. 小懈薪邪薪懈-	蟹邪褋械写邪薪懈褟	1
袚.袘. 小懈薪邪薪懈-	胁芯锌褉芯褋褍	1
胁芯锌褉芯褋褍	蟹邪褋械写邪薪懈褟	1
袣邪屑械薪械胁	袧.袗. 袪芯蟹械薪褎械谢褜写	1
袝.袣. 袦褍褏邪薪芯胁芯泄	袣邪屑械薪械胁	1
小芯褞蟹邪	谢懈褔薪芯谐芯	1
袛.小. 孝邪泄褑邪	袦.袠. 袚邪褟	1
袦.袠. 袚邪褟	褋胁褟蟹褟褏	1
袛.小. 孝邪泄褑邪	褋胁褟蟹褟褏	1
袙.袛. 袙褍泄芯胁懈褔邪	袚.袚. 携谐芯写械	1
袣.袝. 袙芯褉芯褕懈谢芯胁邪	小褌邪谢懈薪	1
袣.袝. 袙芯褉芯褕懈谢芯胁邪	袦.袠. 袣邪褖械械胁邪	1
袣.袝. 袙芯褉芯褕懈谢芯胁邪	芯锌锌芯蟹懈褑懈芯薪薪芯泄	1
袦.袠. 袣邪褖械械胁邪	小褌邪谢懈薪	1
小褌邪谢懈薪	芯锌锌芯蟹懈褑懈芯薪薪芯泄	1
袦.袠. 袣邪褖械械胁邪	芯锌锌芯蟹懈褑懈芯薪薪芯泄	1
袝.袣. 袦褍褏邪薪芯胁芯泄	薪芯屑械褉邪	1
袚.袚. 携谐芯写褘	袧.袗. 袪芯蟹械薪褎械谢褜写	1
袣袩袣	袦.袦. 啸邪褉懈褌芯薪芯胁邪	1
袚.袚. 携谐芯写褘	锌褉懈	1
小褌邪谢懈薪	锌褉懈	1
小.袙. 袦褉邪褔泻芯胁褋泻芯谐芯	锌褉懈	1
袥械薪懈薪谐褉邪写械	写械谢褍	1
胁褘褋械谢械薪懈褞	褋械屑械泄	1
效谢械薪芯胁	胁褘褋械谢械薪懈褞	1
袙.袚. 袛芯褉芯褕懈薪邪	袚.袚. 携谐芯写褘	1
袙.袚. 袛芯褉芯褕懈薪邪	小褌邪谢懈薪	1
褋褌邪褌懈褋褌懈褔械褋泻芯泄	褏芯写械	1
褋械屑械泄	褋褌邪褌懈褋褌懈褔械褋泻芯泄	1
写械谢邪屑	褋褌邪褌懈褋褌懈褔械褋泻芯泄	1
效谢械薪芯胁	褋褌邪褌懈褋褌懈褔械褋泻芯泄	1
袗.袠. 小懈薪械谢芯斜芯胁邪	袗谐褉邪薪芯胁	1
袗.袠. 小懈薪械谢芯斜芯胁邪	小褌邪谢懈薪	1
锌褉懈谐芯胁芯褉褍	褉芯写褋褌胁械薪薪懈泻芯胁	1
袗.袦. 袚芯褉褜泻芯屑褍	袟懈薪芯胁褜械胁	1
袚.袦. 袦邪谢械薪泻芯胁邪	小褌邪谢懈薪	1
袚.袦. 袦邪谢械薪泻芯胁邪	袥.袦. 袣邪谐邪薪芯胁懈褔褍	1
袚.袦. 袦邪谢械薪泻芯胁邪	袣.小. 袦芯写械斜邪写蟹械	1
袚.袦. 袦邪谢械薪泻芯胁邪	锌芯胁械写械薪懈懈	1
袚.袦. 袦邪谢械薪泻芯胁邪	肖褉邪薪褑懈懈	1
袣.小. 袦芯写械斜邪写蟹械	小褌邪谢懈薪	1
小褌邪谢懈薪	锌芯胁械写械薪懈懈	1
小褌邪谢懈薪	肖褉邪薪褑懈懈	1
袣.小. 袦芯写械斜邪写蟹械	袥.袦. 袣邪谐邪薪芯胁懈褔褍	1
袥.袦. 袣邪谐邪薪芯胁懈褔褍	锌芯胁械写械薪懈懈	1
袥.袦. 袣邪谐邪薪芯胁懈褔褍	肖褉邪薪褑懈懈	1
袣.小. 袦芯写械斜邪写蟹械	锌芯胁械写械薪懈懈	1
袣.小. 袦芯写械斜邪写蟹械	肖褉邪薪褑懈懈	1
肖褉邪薪褑懈懈	锌芯胁械写械薪懈懈	1
袚.袚. 携谐芯写褘	袣.袝. 袙芯褉芯褕懈谢芯胁褍	1
袚.袚. 携谐芯写褘	芯斜褘褋泻械	1
袣.袝. 袙芯褉芯褕懈谢芯胁褍	小褌邪谢懈薪	1
小褌邪谢懈薪	芯斜褘褋泻械	1
袣.袝. 袙芯褉芯褕懈谢芯胁褍	小.袙. 袦褉邪褔泻芯胁褋泻芯谐芯	1
小.袙. 袦褉邪褔泻芯胁褋泻芯谐芯	芯斜褘褋泻械	1
袣.袝. 袙芯褉芯褕懈谢芯胁褍	芯斜褘褋泻械	1
袟懈薪芯胁褜械胁	邪泻褌懈胁薪褘褏	1
袚.袘. 小懈薪邪薪懈-	袛.袟. 袦邪薪褍懈谢褜褋泻芯屑褍	1
袙.袚. 袥褍泻懈薪邪	校锌褉邪胁谢械薪懈械	1
袙.袚. 袥褍泻懈薪邪	袥械薪懈薪谐褉邪写褋泻芯泄	1
袥械薪懈薪谐褉邪写褋泻芯泄	校锌褉邪胁谢械薪懈械	1
袩.袗. 袟邪谢褍褑泻芯谐芯	小褌邪谢懈薪	1
袥.袦. 袣邪谐邪薪芯胁懈褔褍	孝.袠. 袚谢械斜芯胁芯泄	1
邪褉械褋褌芯胁邪薪薪褘褏	褋芯褋褌芯褟薪懈褞	1
袗谐褉邪薪芯胁	携.袪. 袝谢褜泻芯胁懈褔邪	1
袗.袝. 袗胁写械械胁芯泄	袝.小. 袦懈褕邪泻芯胁芯泄	1
袝.小. 袦懈褕邪泻芯胁芯泄	泻邪褔械褋褌胁械	1
袚.袚. 携谐芯写褘	袦.小. 袞邪谢褘斜懈薪芯泄-	1
袚.袚. 携谐芯写褘	泻邪褔械褋褌胁械	1
袦.小. 袞邪谢褘斜懈薪芯泄-	小褌邪谢懈薪	1
小褌邪谢懈薪	泻邪褔械褋褌胁械	1
袦.小. 袞邪谢褘斜懈薪芯泄-	泻邪褔械褋褌胁械	1
袗.袦. 袚芯褉褜泻芯屑褍	袣邪屑械薪械胁	1
蟹邪泻谢褞褔械薪懈褟	褑械薪褌褉邪	1
袥.携. 肖邪泄胁懈谢芯胁懈褔邪	小褌邪谢懈薪	1
袚.袝. 袝胁写芯泻懈屑芯胁褘屑	袟懈薪芯胁褜械胁	1
袧.袗. 笑邪褉褜泻芯胁邪	写械谢褍	1
袟懈薪芯胁褜械胁	袧.袗. 笑邪褉褜泻芯胁邪	1
袚.袠. 小邪褎邪褉芯胁褘屑	袟懈薪芯胁褜械胁	1
袟懈薪芯胁褜械胁	袦.袦. 啸邪褉懈褌芯薪芯胁褘屑	1
袣懈褉芯胁	写械谢褍	1
袟懈薪芯胁褜械胁	袣懈褉芯胁	1
袥.袦. 袣邪谐邪薪芯胁懈褔褍	袦.袦. 啸邪褉懈褌芯薪芯胁邪	1
袗.袙. 袩械褉懈屑芯胁褘屑	袠.小. 袚芯褉褕械薪懈薪褘屑	1
袠.袩. 袘邪泻邪械胁褘屑	袠.小. 袚芯褉褕械薪懈薪褘屑	1
袚.袝. 袝胁写芯泻懈屑芯胁褘屑	携.袙. 楔邪褉芯胁褘屑	1
小.袙. 袦褉邪褔泻芯胁褋泻芯谐芯	邪褉械褋褌械	1
袚.袝. 袝胁写芯泻懈屑芯胁褘屑	袠.小. 袚芯褉褕械薪懈薪褘屑	1
袚.袝. 袝胁写芯泻懈屑芯胁褘屑	袠.袩. 袘邪泻邪械胁褘屑	1
袠.袠. 孝邪褉邪褋芯胁邪	小褌邪谢懈薪	1
袠.小. 袚芯褉褕械薪懈薪邪	小谢械写褋褌胁械薪薪褍褞	1
袗.袙. 袚械褉褑斜械褉谐芯屑	袗.小. 袣褍泻谢懈薪褘屑	1
袣懈褉芯胁	小.袦. 袚械褋褋械薪芯屑	1
袗.袦. 袚械褉褌懈泻芯屑	袣懈褉芯胁	1
袗.袦. 袚械褉褌懈泻芯屑	袠.小. 袚芯褉褕械薪懈薪褘屑	1
袛.袗. 袗薪懈泻懈薪褘屑	小.袧. 袘芯谐褉邪褔械胁褘屑	1
袗.袙. 袚械褉褑斜械褉谐芯屑	袚.袠. 小邪褎邪褉芯胁褘屑	1
袠.袠. 孝邪褉邪褋芯胁褘屑	袥.携. 肖邪泄胁懈谢芯胁懈褔械屑	1
袠.小. 袚芯褉褕械薪懈薪褘屑	携.袙. 楔邪褉芯胁褘屑	1
袚.肖. 袩芯锌芯胁褘屑	袩.袩. 小械胁械褉芯胁褘屑	1
袘.袧. 小邪褏芯胁褘屑	袚.袠. 小邪褎邪褉芯胁褘屑	1
袗.袙. 袪褍屑褟薪褑械胁邪	小褌邪谢懈薪	1
袗.袙. 袪褍屑褟薪褑械胁邪	褉邪褋褋褘谢泻械	1
小褌邪谢懈薪	褉邪褋褋褘谢泻械	1
袚.肖. 袩芯锌芯胁邪	袩.袗. 袣芯褉泻懈薪褍	1
写械谢褍	褉芯写褋褌胁械薪薪懈泻芯胁	1
褉芯写褋褌胁械薪薪懈泻芯胁	褑械薪褌褉邪	1
袚.袚. 携谐芯写褘	小.小. 袟芯褉懈薪邪	1
袗.袚. 楔谢褟锌薪懈泻芯胁邪	袚.袚. 携谐芯写褘	1
袚.袚. 携谐芯写褘	袧.袗. 袝屑械谢褜褟薪芯胁邪	1
小.小. 袟芯褉懈薪邪	小褌邪谢懈薪	1
袗.袚. 楔谢褟锌薪懈泻芯胁邪	小褌邪谢懈薪	1
袧.袗. 袝屑械谢褜褟薪芯胁邪	小褌邪谢懈薪	1
袠.孝. 小屑懈谢谐懈	小褌邪谢懈薪	1
袗.袚. 楔谢褟锌薪懈泻芯胁邪	小.小. 袟芯褉懈薪邪	1
袧.袗. 袝屑械谢褜褟薪芯胁邪	小.小. 袟芯褉懈薪邪	1
袠.孝. 小屑懈谢谐懈	小.小. 袟芯褉懈薪邪	1
小.小. 袟芯褉懈薪邪	邪褉械褋褌械	1
袗.袚. 楔谢褟锌薪懈泻芯胁邪	袧.袗. 袝屑械谢褜褟薪芯胁邪	1
袗.袚. 楔谢褟锌薪懈泻芯胁邪	袠.孝. 小屑懈谢谐懈	1
袗.袚. 楔谢褟锌薪懈泻芯胁邪	邪褉械褋褌械	1
袠.孝. 小屑懈谢谐懈	袧.袗. 袝屑械谢褜褟薪芯胁邪	1
袧.袗. 袝屑械谢褜褟薪芯胁邪	邪褉械褋褌械	1
袠.孝. 小屑懈谢谐懈	邪褉械褋褌械	1
袗.小. 袣褍泻谢懈薪褘屑	袚.肖. 肖械写芯褉芯胁褘屑	1
袗.袠. 袗薪懈褕械胁褘屑	袗.袦. 袚械褉褌懈泻芯屑	1
袚.袘. 小懈薪邪薪懈-	袥.袠. 袦邪写褜褟褉芯屑	1
袚.袘. 小懈薪邪薪懈-	锌邪褉褌泻芯屑	1
袥.袠. 袦邪写褜褟褉芯屑	锌邪褉褌泻芯屑	1
袥.袠. 袦邪写褜褟褉邪	胁褘褋褌褍锌谢械薪懈褟	1
袥.袠. 袦邪写褜褟褉邪	肖褉褍薪蟹械薪褋泻芯谐芯	1
肖褉褍薪蟹械薪褋泻芯谐芯	胁褘褋褌褍锌谢械薪懈褟	1
谢懈褑	芯褌薪芯褕械薪懈懈	1
谢懈褑	薪邪泻邪蟹邪薪懈褟	1
写械谢褍	芯褌薪芯褕械薪懈懈	1
写械谢褍	薪邪泻邪蟹邪薪懈褟	1
薪邪泻邪蟹邪薪懈褟	芯褌薪芯褕械薪懈懈	1
袟懈薪芯胁褜械胁	芯褌薪芯褕械薪懈懈	1
袟懈薪芯胁褜械胁	薪邪泻邪蟹邪薪懈褟	1
袟.袛. 啸邪薪懈泻	褉械写邪泻褑懈褞	1
褉械写邪泻褑懈褞	褋褘薪邪	1
袚.袝. 袝胁写芯泻懈屑芯胁邪	袥.袗. 楔邪褑泻懈薪邪	1
袣邪屑械薪械胁	袥.袗. 楔邪褑泻懈薪邪	1
袥.袗. 楔邪褑泻懈薪邪	锌芯泻邪蟹邪薪懈褟褏	1
袚.袝. 袝胁写芯泻懈屑芯胁邪	袣邪屑械薪械胁	1
袚.袝. 袝胁写芯泻懈屑芯胁邪	锌芯泻邪蟹邪薪懈褟褏	1
谢懈褑	锌芯泻邪蟹邪薪懈褟屑	1
袗.小. 袝薪褍泻懈写蟹械	胁褘褋泻邪蟹褘胁邪薪懈褟褏	1
袗.小. 袝薪褍泻懈写蟹械	小褌邪谢懈薪	1
小褌邪谢懈薪	胁褘褋泻邪蟹褘胁邪薪懈褟褏	1
袙.袙. 袥芯屑懈薪邪写蟹械	小褌邪谢懈薪	1
袙.袙. 袥芯屑懈薪邪写蟹械	袣邪屑械薪械胁	1
袙.袙. 袥芯屑懈薪邪写蟹械	袚.袠. 小邪褎邪褉芯胁邪	1
袙.袙. 袥芯屑懈薪邪写蟹械	锌芯泻邪蟹邪薪懈褟褏	1
袚.袠. 小邪褎邪褉芯胁邪	锌芯泻邪蟹邪薪懈褟褏	1
袗.袠. 孝芯谢屑邪蟹芯胁褘屑	袠.袠. 袣芯褌芯谢褘薪芯胁褘屑	1
袙.袙. 袪褍屑褟薪褑械胁褘屑	袧.小. 袗薪褌芯薪芯胁褘屑	1
袙.小. 袥械胁懈薪褘屑	袧.袩. 袦褟褋薪懈泻芯胁褘屑	1
袟.袛. 啸邪薪懈泻	小芯泻芯谢褜薪懈褔械褋泻懈泄	1
小芯泻芯谢褜薪懈褔械褋泻懈泄	褋褘薪邪	1
袗.袙. 袪褍屑褟薪褑械胁邪	锌褉芯褌芯泻芯谢褍	1
袥.袠. 小芯褋懈褑泻懈屑	袧.袩. 袦褟褋薪懈泻芯胁褘屑	1
袣懈褉芯胁	袥.袠. 小芯褋懈褑泻懈屑	1
袠.袣. 袧邪褍屑芯胁邪	小芯泻芯谢褜薪懈泻芯胁	1
小芯泻芯谢褜薪懈泻芯胁	锌芯胁芯写褍	1
袠.袣. 袧邪褍屑芯胁邪	小褌邪谢懈薪	1
袠.袣. 袧邪褍屑芯胁邪	锌芯胁芯写褍	1
袦.袦. 啸邪褉懈褌芯薪芯胁邪	邪褉械褋褌械	1
袙.袙. 袪褍屑褟薪褑械胁褘屑	袠.袠. 孝邪褉邪褋芯胁褘屑	1
袥.袨. 啸邪薪懈泻邪	小袩袨	1
袗谐褉邪薪芯胁	袠.袩. 袘邪泻邪械胁邪	1
袥.袙. 袧懈泻芯谢邪械胁褘屑	袧.袧. 楔邪褌褋泻懈屑	1
袠.袚. 挟褋泻懈薪褘屑	袥.袙. 袧懈泻芯谢邪械胁褘屑	1
袚.袙. 小芯泻芯谢芯胁褘屑	袥.袙. 袧懈泻芯谢邪械胁褘屑	1
袙.袙. 袪褍屑褟薪褑械胁邪	小褌邪谢懈薪	1
袙.袙. 袪褍屑褟薪褑械胁褘屑	袧.袩. 袦褟褋薪懈泻芯胁褘屑	1
袠.袠. 袪械泄薪谐芯谢褜写邪	袥.携. 肖邪泄胁懈谢芯胁懈褔邪	1
袥.携. 肖邪泄胁懈谢芯胁懈褔邪	袥.携. 肖邪泄胁懈谢芯胁懈褔褍	1
袠.袠. 袪械泄薪谐芯谢褜写邪	袥.携. 肖邪泄胁懈谢芯胁懈褔褍	1
袙.袠. 袟胁械蟹写芯胁褘屑	袚.袙. 小芯泻芯谢芯胁褘屑	1
袠.袠. 袣芯褌芯谢褘薪芯胁褘屑	袥.袙. 袧懈泻芯谢邪械胁褘屑	1
袙.袠. 袟胁械蟹写芯胁褘屑	袧.小. 袗薪褌芯薪芯胁褘屑	1
袝.袣. 袣芯褉褕褍薪芯胁邪	袠.袩. 袘邪泻邪械胁邪	1
袝.袣. 袣芯褉褕褍薪芯胁邪	袝.袣. 袣芯褉褕褍薪芯胁褍	1
袝.袣. 袣芯褉褕褍薪芯胁褍	袠.袩. 袘邪泻邪械胁邪	1
袠.袠. 袣芯褌芯谢褘薪芯胁褘屑	袧.小. 袗薪褌芯薪芯胁褘屑	1
袚.袚. 携谐芯写褘	袚.袠. 小邪褎邪褉芯胁邪	1
袟懈薪芯胁褜械胁	袣邪屑械薪械胁	1
袚.袠. 小邪褎邪褉芯胁邪	袟懈薪芯胁褜械胁	1
袣邪屑械薪械胁	邪褉械褋褌械	1
袚.袠. 小邪褎邪褉芯胁邪	邪褉械褋褌械	1
袥械薪懈薪谐褉邪写械	邪褉械褋褌械	1
袥.袙. 袧懈泻芯谢邪械胁邪	邪褉械褋褌芯胁邪薪薪褘褏	1
袥.袙. 袧懈泻芯谢邪械胁邪	写械谢褍	1
袙.袠. 袟胁械蟹写芯胁邪	小袩袨	1
袙.袠. 袟胁械蟹写芯胁邪	褍锌褉邪胁谢械薪懈褟	1
小袩袨	褍锌褉邪胁谢械薪懈褟	1
袘褍褏邪褉懈薪	袚.袣. 袨褉写卸芯薪懈泻懈写蟹械	1
小褌邪谢懈薪	肖.袛. 袣芯褉薪褞褕懈薪邪	1
袠.协. 携泻懈褉械	肖.袛. 袣芯褉薪褞褕懈薪邪	1
袠.协. 携泻懈褉械	小褌邪谢懈薪	1
袦.袩. 袩褉懈斜褘谢芯胁褋泻芯谐芯	小褌邪谢懈薪	1
袦.袩. 袩褉懈斜褘谢芯胁褋泻芯谐芯	胁褉械写懈褌械谢褜褋泻芯泄	1
袟懈薪芯胁褜械胁	袦.袩. 袩褉懈斜褘谢芯胁褋泻芯谐芯	1
小褌邪谢懈薪	胁褉械写懈褌械谢褜褋泻芯泄	1
袟懈薪芯胁褜械胁	胁褉械写懈褌械谢褜褋泻芯泄	1
袝卸芯胁	袩.袧. 袪芯泻芯褋邪	1
袩.袧. 袪芯泻芯褋邪	小褌邪谢懈薪	1
袝卸芯胁	小.袗. 袚芯谐谢懈写蟹械	1
袝卸芯胁	褌褉芯褑泻懈褋褌褋泻芯屑	1
袚褉褍蟹懈薪褋泻芯泄	袝卸芯胁	1
小.袗. 袚芯谐谢懈写蟹械	小褌邪谢懈薪	1
小褌邪谢懈薪	褌褉芯褑泻懈褋褌褋泻芯屑	1
袚褉褍蟹懈薪褋泻芯泄	小褌邪谢懈薪	1
小.袗. 袚芯谐谢懈写蟹械	褌褉芯褑泻懈褋褌褋泻芯屑	1
袚褉褍蟹懈薪褋泻芯泄	小.袗. 袚芯谐谢懈写蟹械	1
袚褉褍蟹懈薪褋泻芯泄	褌褉芯褑泻懈褋褌褋泻芯屑	1
袝卸芯胁	褋谢械写褋褌胁懈懈	1
袝卸芯胁	褋懈褋褌械屑械	1
袝卸芯胁	小胁械褉写谢芯胁褋泻械	1
小褌邪谢懈薪	褋谢械写褋褌胁懈懈	1
小褌邪谢懈薪	褋懈褋褌械屑械	1
小胁械褉写谢芯胁褋泻械	小褌邪谢懈薪	1
褋懈褋褌械屑械	褋谢械写褋褌胁懈懈	1
小胁械褉写谢芯胁褋泻械	褋谢械写褋褌胁懈懈	1
写械谢褍	褋懈褋褌械屑械	1
小胁械褉写谢芯胁褋泻械	写械谢褍	1
小胁械褉写谢芯胁褋泻械	褋懈褋褌械屑械	1
袙.袛. 孝芯屑谢械薪芯胁邪	袝卸芯胁	1
袙.袛. 孝芯屑谢械薪芯胁邪	小褌邪谢懈薪	1
袘械谢芯斜芯褉芯写芯胁	袝卸芯胁	1
袘械谢芯斜芯褉芯写芯胁	小褌邪谢懈薪	1
袙.袧. 小谢械锌泻芯胁邪	袝卸芯胁	1
袙.袧. 小谢械锌泻芯胁邪	小褌邪谢懈薪	1
袝卸芯胁	袦.袗. 袪芯蟹械薪褑胁械泄谐邪	1
袦.袗. 袪芯蟹械薪褑胁械泄谐邪	小褌邪谢懈薪	1
袝卸芯胁	袣.袗. 袨谐邪薪械褋芯胁邪	1
袣.袗. 袨谐邪薪械褋芯胁邪	小褌邪谢懈薪	1
袝卸芯胁	小.袙. 袧芯褋芯胁邪	1
小.袙. 袧芯褋芯胁邪	小褌邪谢懈薪	1
袝卸芯胁	小.袩. 袣邪谢邪褕薪懈泻芯胁邪	1
小.袩. 袣邪谢邪褕薪懈泻芯胁邪	小褌邪谢懈薪	1
袦.小. 袨泻褍写卸邪胁褘	小.袗. 袚芯谐谢懈写蟹械	1
袛.袩. 袪芯蟹懈褌邪	袝卸芯胁	1
袛.袩. 袪芯蟹懈褌邪	小褌邪谢懈薪	1
袝卸芯胁	携.挟. 啸邪褉懈褌邪	1
小褌邪谢懈薪	携.挟. 啸邪褉懈褌邪	1
袚.袗. 孝邪褌褍谢芯胁褘屑	小.啸. 袙邪褉写邪薪懈邪薪芯屑	1
袝卸芯胁	小.啸. 袙邪褉写邪薪懈邪薪芯屑	1
小.啸. 袙邪褉写邪薪懈邪薪芯屑	小褌邪谢懈薪	1
袥.小. 孝械褉-	小.啸. 袙邪褉写邪薪懈邪薪芯屑	1
袙.袧. 携泻芯胁谢械胁芯泄	袦.肖. 楔泻懈褉褟褌芯胁邪	1
袙.袧. 携泻芯胁谢械胁芯泄	小褌邪谢懈薪	1
袣.袛. 袦褍褔薪懈泻芯胁褘屑	袦.袙. 袘褍褉褕褌械泄薪芯屑	1
袦.袙. 袘褍褉褕褌械泄薪芯屑	袦.袦. 袛芯屑斜褉芯胁褋泻懈屑	1
袝卸芯胁	小.小. 袪邪胁胁褘	1
小.小. 袪邪胁胁褘	小褌邪谢懈薪	1
袝卸芯胁	袩.袣. 袗谢械泻褋邪薪写褉芯胁邪	1
袩.袣. 袗谢械泻褋邪薪写褉芯胁邪	小褌邪谢懈薪	1
袗.袦. 袧械锌芯屑薪褟褖械谐芯	袚.袣. 袨褉写卸芯薪懈泻懈写蟹械	1
袘.袚. 袦写懈胁邪薪懈	袝卸芯胁	1
袘.袚. 袦写懈胁邪薪懈	小褌邪谢懈薪	1
袗.袠. 袣邪褉屑邪谢懈褌芯胁邪	袝卸芯胁	1
袗.袠. 袣邪褉屑邪谢懈褌芯胁邪	小褌邪谢懈薪	1
袘.袩. 袧械褋褌械褉芯胁邪	袝卸芯胁	1
袘.袩. 袧械褋褌械褉芯胁邪	小褌邪谢懈薪	1
袗.袠. 袝屑褕邪薪芯胁邪	袗谐褉邪薪芯胁	1
袗.袠. 袝屑褕邪薪芯胁邪	小褌邪谢懈薪	1
袝卸芯胁	袦.袙. 袘褍褉褕褌械泄薪邪	1
袦.袙. 袘褍褉褕褌械泄薪邪	小褌邪谢懈薪	1
袗.袠. 小褌械褑泻芯谐芯	懈蟹写邪薪懈懈	1
袗.袠. 小褌械褑泻芯谐芯	芯褌褔械褌邪	1
袗.袠. 小褌械褑泻芯谐芯	邪薪褌懈褋芯胁械褌褋泻芯谐芯	1
袗.袠. 小褌械褑泻芯谐芯	褑械薪褌褉邪	1
小褌邪谢懈薪	懈蟹写邪薪懈懈	1
小褌邪谢懈薪	芯褌褔械褌邪	1
小褌邪谢懈薪	邪薪褌懈褋芯胁械褌褋泻芯谐芯	1
小褌邪谢懈薪	褑械薪褌褉邪	1
懈蟹写邪薪懈懈	芯褌褔械褌邪	1
邪薪褌懈褋芯胁械褌褋泻芯谐芯	懈蟹写邪薪懈懈	1
懈蟹写邪薪懈懈	褑械薪褌褉邪	1
邪薪褌懈褋芯胁械褌褋泻芯谐芯	芯褌褔械褌邪	1
芯褌褔械褌邪	褑械薪褌褉邪	1
袘.袝. 袗谢写邪写邪薪芯胁邪	袝卸芯胁	1
袘.袝. 袗谢写邪写邪薪芯胁邪	小褌邪谢懈薪	1
袛.携. 袗谢械泻褋邪薪写褉芯胁邪	袝卸芯胁	1
袛.携. 袗谢械泻褋邪薪写褉芯胁邪	小褌邪谢懈薪	1
袝卸芯胁	袠.袧. 袦懈褉芯薪芯胁邪	1
袠.袧. 袦懈褉芯薪芯胁邪	小褌邪谢懈薪	1
袗.袙. 孝褉邪胁懈薪芯泄	袝卸芯胁	1
袝卸芯胁	锌邪褉褌泻芯屑	1
袝卸芯胁	胁褘褋褕械泄	1
袗.袙. 孝褉邪胁懈薪芯泄	小褌邪谢懈薪	1
小褌邪谢懈薪	锌邪褉褌泻芯屑	1
小褌邪谢懈薪	胁褘褋褕械泄	1
袗.袙. 孝褉邪胁懈薪芯泄	锌邪褉褌泻芯屑	1
袗.袙. 孝褉邪胁懈薪芯泄	胁褘褋褕械泄	1
胁褘褋褕械泄	锌邪褉褌泻芯屑	1
袝卸芯胁	袦.携. 袣邪褉锌芯胁邪	1
袦.携. 袣邪褉锌芯胁邪	小褌邪谢懈薪	1
袝卸芯胁	袣.袦. 袝褉芯褎懈褑泻芯谐芯	1
袣.袦. 袝褉芯褎懈褑泻芯谐芯	小褌邪谢懈薪	1
袣.小. 袛芯褉芯褎械械胁邪	小褌邪谢懈薪	1
袦.袠. 袣邪褏懈邪薪懈	小褌邪谢懈薪	1
袝卸芯胁	袦.袠. 袣邪褏懈邪薪懈	1
袥.袦. 袣邪谐邪薪芯胁懈褔褍	袦.袠. 袣邪褏懈邪薪懈	1
袠.袧. 袦邪械胁褋泻芯屑	袦.袠. 袣邪褏懈邪薪懈	1
袠.袧. 袦邪械胁褋泻芯屑	小褌邪谢懈薪	1
袝卸芯胁	袠.袧. 袦邪械胁褋泻芯屑	1
袠.袧. 袦邪械胁褋泻芯屑	袥.袦. 袣邪谐邪薪芯胁懈褔褍	1
袘褍褏邪褉懈薪	胁褘褋械谢械薪懈懈	1
小褌邪谢懈薪	胁褘褋械谢械薪懈懈	1
袝卸芯胁	锌芯谢芯卸械薪懈懈	1
袙懈薪薪懈褑泻芯泄	袝卸芯胁	1
小褌邪谢懈薪	锌懈褋褜屑邪	1
小褌邪谢懈薪	锌芯谢芯卸械薪懈懈	1
袙懈薪薪懈褑泻芯泄	小褌邪谢懈薪	1
锌懈褋褜屑邪	锌芯谢芯卸械薪懈懈	1
袙懈薪薪懈褑泻芯泄	锌懈褋褜屑邪	1
袙懈薪薪懈褑泻芯泄	锌芯谢芯卸械薪懈懈	1
袝卸芯胁	袥.携. 袥褞斜邪褉褋泻芯谐芯	1
袥.携. 袥褞斜邪褉褋泻芯谐芯	小褌邪谢懈薪	1
袝卸芯胁	袦.袚. 袚褉芯谢褜屑邪薪邪	1
袦.袚. 袚褉芯谢褜屑邪薪邪	小褌邪谢懈薪	1
袦.袦. 袥懈褌胁懈薪芯胁邪	小褌邪谢懈薪	1
袙.袩. 袩芯褌械屑泻懈薪邪	小褌邪谢懈薪	1
袧袣袠袛	小褌邪谢懈薪	1
袗.袦. 袥褍褑褍泻邪	袝卸芯胁	1
袗.袦. 袥褍褑褍泻邪	小褌邪谢懈薪	1
袗.袗. 孝褉芯褟薪芯胁褋泻芯屑褍	袧.袧. 袣褉械褋褌懈薪褋泻芯谐芯	1
袧.袧. 袣褉械褋褌懈薪褋泻芯谐芯	袪芯屑屑	1
袧.袧. 袣褉械褋褌懈薪褋泻芯谐芯	锌芯泻邪蟹邪薪懈褟褏	1
袗.袗. 孝褉芯褟薪芯胁褋泻芯屑褍	袪芯屑屑	1
袗.袗. 孝褉芯褟薪芯胁褋泻芯屑褍	锌芯泻邪蟹邪薪懈褟褏	1
袙.袙. 校谢褜褉懈褏褍	啸.袚. 袪邪泻芯胁褋泻芯谐芯	1
袙.袙. 校谢褜褉懈褏褍	袝卸芯胁	1
袗.袠. 袦褍褉邪谢芯胁邪	袥.袟. 袦械褏谢懈褋邪	1
袦.袠. 袣邪谢懈薪懈薪褍	小褌邪谢懈薪	1
袪芯屑械薪邪	小褌邪谢懈薪	1
小褌邪谢懈薪	薪械锌褉懈屑械薪械薪懈懈	1
小褌邪谢懈薪	锌芯写褋褍写懈屑褘屑	1
袦.袠. 袣邪谢懈薪懈薪褍	袪芯屑械薪邪	1
袦.袠. 袣邪谢懈薪懈薪褍	薪械锌褉懈屑械薪械薪懈懈	1
袦.袠. 袣邪谢懈薪懈薪褍	锌芯写褋褍写懈屑褘屑	1
袪芯屑械薪邪	薪械锌褉懈屑械薪械薪懈懈	1
袪芯屑械薪邪	锌芯写褋褍写懈屑褘屑	1
薪械锌褉懈屑械薪械薪懈懈	锌芯写褋褍写懈屑褘屑	1
袗.袗. 孝褉芯褟薪芯胁褋泻芯谐芯	锌芯谢褍褔械薪懈懈	1
袪芯屑屑	锌芯谢褍褔械薪懈懈	1
袧袣袠袛	锌芯谢褍褔械薪懈懈	1
袝卸芯胁	孝.袪. 袥械胁懈薪芯泄	1
小褌邪谢懈薪	孝.袪. 袥械胁懈薪芯泄	1
袦.袙. 袘芯褉懈褋芯胁邪	胁褋泻褉褘褌懈褟	1
袛.袩. 袦邪褉械褑泻芯谐芯	写械谢褍	1
袗.袧. 小谢械锌泻芯胁邪	袗谐褉邪薪芯胁	1
袗谐褉邪薪芯胁	械谐芯	1
袗.袧. 小谢械锌泻芯胁邪	小褌邪谢懈薪	1
小褌邪谢懈薪	械谐芯	1
袗谐褉邪薪芯胁	袩.袚. 袩械褌褉芯胁褋泻芯谐芯	1
袩.袚. 袩械褌褉芯胁褋泻芯谐芯	小褌邪谢懈薪	1
袥.袝. 袘褍褉泻芯胁芯泄	泻芯屑懈褋褋懈褞	1
袥.袝. 袘褍褉泻芯胁芯泄	褔懈褋褌泻械	1
泻芯屑懈褋褋懈褞	褔懈褋褌泻械	1
袚.袚. 携谐芯写褘	袣.袠. 袚褉褞薪褕褌械泄薪邪	1
袚.袚. 携谐芯写褘	褌褉芯褑泻懈褋褌邪	1
袣.袠. 袚褉褞薪褕褌械泄薪邪	小褌邪谢懈薪	1
小褌邪谢懈薪	褌褉芯褑泻懈褋褌邪	1
袣.袠. 袚褉褞薪褕褌械泄薪邪	褌褉芯褑泻懈褋褌邪	1
袣邪屑械薪械胁	蟹邪写械褉卸泻械	1
小褌邪谢懈薪	蟹邪写械褉卸泻械	1
袚.袘. 小懈薪邪薪懈-	褔懈褋褌泻械	1
袟懈薪芯胁褜械胁	谢懈褔薪芯屑	1
小褌邪谢懈薪	谢懈褔薪芯屑	1
袝.袙. 笑械褌谢懈薪邪	携.协. 袪褍写蟹褍褌邪泻褍	1
袚.袗. 袦芯谢褔邪薪芯胁褍	袝.袙. 笑械褌谢懈薪邪	1
小褌邪谢懈薪	携.协. 袪褍写蟹褍褌邪泻褍	1
袚.袗. 袦芯谢褔邪薪芯胁褍	小褌邪谢懈薪	1
袗谐褉邪薪芯胁	携.协. 袪褍写蟹褍褌邪泻褍	1
袚.袗. 袦芯谢褔邪薪芯胁褍	携.协. 袪褍写蟹褍褌邪泻褍	1
袗谐褉邪薪芯胁	袚.袗. 袦芯谢褔邪薪芯胁褍	1
袗.挟. 袗泄褏械薪胁邪谢褜写芯屑	袛.袗. 小薪懈褌泻懈薪褘屑	1
袚.袚. 携谐芯写械	袝.袙. 笑械褌谢懈薪邪	1
袗.挟. 袗泄褏械薪胁邪谢褜写芯屑	袗褋褌褉芯胁	1
袣邪屑械薪械胁	胁芯褋褋褌邪薪芯胁谢械薪懈懈	1
袣邪屑械薪械胁	锌邪褉褌懈懈	1
袗谐褉邪薪芯胁	写械谢褍	1
袗谐褉邪薪芯胁	袩.袣. 袘邪褕械薪泻芯胁邪	1
袩.袣. 袘邪褕械薪泻芯胁邪	小褌邪谢懈薪	1
袗谐褉邪薪芯胁	袗褋褌褉芯胁	1
袘褞褉芯	协.袟. 袚芯谢褜写械薪斜械褉谐邪	1
协.袟. 袚芯谢褜写械薪斜械褉谐邪	芯斜泻芯屑邪	1
小褌邪谢懈薪	协.袟. 袚芯谢褜写械薪斜械褉谐邪	1
袘褞褉芯	芯斜泻芯屑邪	1
袘褞褉芯	小褌邪谢懈薪	1
小褌邪谢懈薪	芯斜泻芯屑邪	1
袗.袛. 袗褉械褎褜械胁褘屑	袗.袧. 小谢械锌泻芯胁褘屑	1
袛.肖. 袘褍蟹懈薪褘屑	袧.袗. 校谐谢邪薪芯胁褘屑	1
袗谐褉邪薪芯胁	袛.肖. 袘褍蟹懈薪邪	1
袛.肖. 袘褍蟹懈薪邪	小褌邪谢懈薪	1
袗谐褉邪薪芯胁	袚.袗. 袦芯谢褔邪薪芯胁邪	1
袚.袗. 袦芯谢褔邪薪芯胁邪	袝.袙. 笑械褌谢懈薪邪	1
袧.袗. 校谐谢邪薪芯胁邪	小褌邪谢懈薪	1
袗谐褉邪薪芯胁	袙.袙. 袣褍蟹褜屑懈薪邪	1
袗.挟. 袗泄褏械薪胁邪谢褜写邪	小褌邪谢懈薪	1
袗.挟. 袗泄褏械薪胁邪谢褜写邪	笑袣袣	1
小褌邪谢懈薪	笑袣袣	1
袧.袗. 校谐谢邪薪芯胁邪	笑袣袣	1
袧.袧. 袗谢械泻褋械械胁邪	锌芯泻邪蟹邪薪懈褟褏	1
袚.袚. 携谐芯写褘	褋邪薪泻褑懈芯薪懈褉芯胁邪薪懈懈	1
小褌邪谢懈薪	褋邪薪泻褑懈芯薪懈褉芯胁邪薪懈懈	1
袧.袧. 袗谢械泻褋械械胁邪	褋谢械写褋褌胁懈懈	1
袧.袧. 袗谢械泻褋械械胁邪	写械谢褍	1
袚.袚. 携谐芯写械	褋谢械写褋褌胁懈懈	1
袚.袚. 携谐芯写械	写械谢褍	1
袙.袙. 袣褍蟹褜屑懈薪邪	袚.袚. 携谐芯写褘	1
小械写芯胁	褋芯蟹写邪薪懈懈	1
袥.袛. 孝褉芯褑泻芯屑褍	褋芯蟹写邪薪懈懈	1
袚.袚. 携谐芯写褘	褌褉芯褑泻懈褋褌芯胁	1
小褌邪谢懈薪	褌褉芯褑泻懈褋褌芯胁	1
小屑懈褉薪芯胁	褌褉芯褑泻懈褋褌褋泻芯泄	1
小屑懈褉薪芯胁	褌褉芯褑泻懈褋褌芯胁	1
褌褉芯褑泻懈褋褌芯胁	褌褉芯褑泻懈褋褌褋泻芯泄	1
小械泻褉械褌邪褉懈邪褌	小褌邪谢懈薪	1
小褌邪谢懈薪	胁芯褋褋褌邪薪芯胁谢械薪懈懈	1
小褌邪谢懈薪	锌邪褉褌懈懈	1
小械泻褉械褌邪褉懈邪褌	胁芯褋褋褌邪薪芯胁谢械薪懈懈	1
小械泻褉械褌邪褉懈邪褌	锌邪褉褌懈懈	1
袝.袦. 携褉芯褋谢邪胁褋泻懈屑	袣邪屑械薪械胁	1
袣邪屑械薪械胁	芯锌褉芯褋邪	1
袣邪屑械薪械胁	笑袣袣	1
袝.袦. 携褉芯褋谢邪胁褋泻懈屑	芯锌褉芯褋邪	1
袝.袦. 携褉芯褋谢邪胁褋泻懈屑	笑袣袣	1
笑袣袣	芯锌褉芯褋邪	1
袟懈薪芯胁褜械胁	芯锌褉芯褋邪	1
袥.袦. 袣邪谐邪薪芯胁懈褔褍	褋械泻褉械褌邪褉褟	1
袥.袦. 袣邪谐邪薪芯胁懈褔褍	蟹邪褟胁谢械薪懈褟	1
袟懈薪芯胁褜械胁	褋械泻褉械褌邪褉褟	1
袟懈薪芯胁褜械胁	蟹邪褟胁谢械薪懈褟	1
蟹邪褟胁谢械薪懈褟	褋械泻褉械褌邪褉褟	1
袨谢褜斜械褉谐	锌褉邪胁谢械薪懈械	1
袗.袠. 袪邪屑屑-	袥.袛. 孝褉芯褑泻芯屑褍	1
袦.小. 袘芯谐褍褋谢邪胁褋泻芯谐芯	小屑懈褉薪芯胁	1
小屑懈褉薪芯胁	芯锌锌芯蟹懈褑懈懈	1
袦.小. 袘芯谐褍褋谢邪胁褋泻芯谐芯	芯锌锌芯蟹懈褑懈懈	1
小屑懈褉薪芯胁	褉邪蟹褉褘胁械	1
袝.袗. 袩褉械芯斜褉邪卸械薪褋泻芯谐芯	袪邪写械泻	1
袝.袗. 袩褉械芯斜褉邪卸械薪褋泻芯谐芯	袠.孝. 小屑懈谢谐懈	1
袝.袗. 袩褉械芯斜褉邪卸械薪褋泻芯谐芯	褉邪蟹褉褘胁械	1
袠.孝. 小屑懈谢谐懈	袪邪写械泻	1
袪邪写械泻	褉邪蟹褉褘胁械	1
袠.孝. 小屑懈谢谐懈	褉邪蟹褉褘胁械	1
袝卸芯胁	褋芯胁褉械屑械薪薪芯屑	1
小褌邪谢懈薪	褋芯胁褉械屑械薪薪芯屑	1
袟懈薪芯胁褜械胁	薪械芯斜褏芯写懈屑芯褋褌懈	1
袙.袙. 袪褍屑褟薪褑械胁褍	薪械芯斜褏芯写懈屑芯褋褌懈	1
袙.袙. 袪褍屑褟薪褑械胁褍	锌邪褉褌懈懈	1
薪械芯斜褏芯写懈屑芯褋褌懈	锌邪褉褌懈懈	1
袙.袗. 袗薪褌芯薪芯胁邪-	袧.袧. 袣褉械褋褌懈薪褋泻芯谐芯	1
袙.袗. 袗薪褌芯薪芯胁邪-	褉邪蟹褉褘胁械	1
袧.袧. 袣褉械褋褌懈薪褋泻芯谐芯	褉邪蟹褉褘胁械	1
袩褟褌邪泻芯胁	笑袣袣	1
袩褟褌邪泻芯胁	褉邪蟹褉褘胁械	1
笑袣袣	褉邪蟹褉褘胁械	1
芯锌锌芯蟹懈褑懈懈	锌芯胁芯写褍	1
蟹邪褟胁谢械薪懈褟	芯锌锌芯蟹懈褑懈懈	1
效谢械薪芯胁	芯锌锌芯蟹懈褑懈懈	1
蟹邪褟胁谢械薪懈褟	锌芯胁芯写褍	1
效谢械薪芯胁	锌芯胁芯写褍	1
效谢械薪芯胁	蟹邪褟胁谢械薪懈褟	1
袝卸芯胁	啸.袚. 袪邪泻芯胁褋泻芯屑	1
小褌邪谢懈薪	啸.袚. 袪邪泻芯胁褋泻芯屑	1
小褌邪谢懈薪	啸.袗. 袥懈胁褕懈褑	1
邪薪褌懈褋芯胁械褌褋泻芯谐芯	写械谢褍	1
袗.袗. 孝褉芯褟薪芯胁褋泻芯谐芯	锌芯泻邪蟹邪薪懈褟褏	1
袧袣袠袛	锌芯泻邪蟹邪薪懈褟褏	1
袙.袩. 袩芯褌械屑泻懈薪褍	袧.袧. 袣褉械褋褌懈薪褋泻芯谐芯	1
袧.袧. 袣褉械褋褌懈薪褋泻芯谐芯	褉邪蟹褉械褕械薪懈懈	1
袙.袩. 袩芯褌械屑泻懈薪褍	褉邪蟹褉械褕械薪懈懈	1
袗.携. 袙褘褕懈薪褋泻芯屑褍	袘褍褏邪褉懈薪	1
袙.袩. 袩芯褌械屑泻懈薪邪	褉邪蟹褉械褕械薪懈懈	1
袧袣袠袛	褉邪蟹褉械褕械薪懈懈	1
袗.袗. 孝褉芯褟薪芯胁褋泻芯谐芯	芯褌胁械褌械	1
袧袣袠袛	芯褌胁械褌械	1
袗.袣. 携蟹芯胁褋泻懈褏	袝卸芯胁	1
袗.袣. 携蟹芯胁褋泻懈褏	小褌邪谢懈薪	1
袚.袗. 孝邪褌褍谢芯胁邪	袝卸芯胁	1
袚.袗. 孝邪褌褍谢芯胁邪	小褌邪谢懈薪	1
袙.袩. 楔械胁械谢械胁邪-	袝卸芯胁	1
袙.袩. 楔械胁械谢械胁邪-	小褌邪谢懈薪	1
袝卸芯胁	袦.袦. 袣邪褉锌芯胁邪	1
袦.袦. 袣邪褉锌芯胁邪	小褌邪谢懈薪	1
袝卸芯胁	肖.袩. 袦械写胁械写械胁邪	1
小褌邪谢懈薪	肖.袩. 袦械写胁械写械胁邪	1
袝卸芯胁	袪.袠. 孝芯写芯褉褋泻芯泄	1
袪.袠. 孝芯写芯褉褋泻芯泄	小褌邪谢懈薪	1
袗谐褉邪薪芯胁	袛.孝. 楔械褉屑械褉谐芯褉薪邪	1
袝卸芯胁	袦.袙. 袣褍蟹薪械褑芯胁邪	1
袝卸芯胁	袥.袥. 袗胁械褉斜邪褏械	1
袦.袙. 袣褍蟹薪械褑芯胁邪	小褌邪谢懈薪	1
袥.袥. 袗胁械褉斜邪褏械	小褌邪谢懈薪	1
袥.袥. 袗胁械褉斜邪褏械	袦.袙. 袣褍蟹薪械褑芯胁邪	1
袝卸芯胁	携.袧. 袛褉芯斜薪懈褋芯屑	1
小褌邪谢懈薪	携.袧. 袛褉芯斜薪懈褋芯屑	1
袩褟褌邪泻芯胁	携.袧. 袛褉芯斜薪懈褋芯屑	1
袥.袩. 小械褉械斜褉褟泻芯胁褘屑	袪邪写械泻	1
袝卸芯胁	小.袠. 袣邪胁褌邪褉邪写蟹械	1
小.袠. 袣邪胁褌邪褉邪写蟹械	小褌邪谢懈薪	1
袝卸芯胁	携.袗. 袥懈胁褕懈褑械屑	1
小褌邪谢懈薪	携.袗. 袥懈胁褕懈褑械屑	1
袥.袩. 小械褉械斜褉褟泻芯胁褘屑	携.袗. 袥懈胁褕懈褑械屑	1
袠.袦. 袦邪泄褋泻芯谐芯	袧袣袠袛	1
袠.袦. 袦邪泄褋泻芯谐芯	锌芯械蟹写泻械	1
袧袣袠袛	锌芯械蟹写泻械	1
袝.袘. 肖械写芯褋械械胁邪	袝卸芯胁	1
袝.袘. 肖械写芯褋械械胁邪	小褌邪谢懈薪	1
袥.袩. 小械褉械斜褉褟泻芯胁褘屑	袩褟褌邪泻芯胁	1
袩褟褌邪泻芯胁	小.袗. 袪邪褌邪泄褔邪泻芯屑	1
袝卸芯胁	袣.袙. 孝褉芯褎懈屑芯胁邪	1
袣.袙. 孝褉芯褎懈屑芯胁邪	小褌邪谢懈薪	1
袪邪写械泻	小芯泻芯谢褜薪懈泻芯胁	1
袩褟褌邪泻芯胁	袪邪写械泻	1
袝卸芯胁	袟.袗. 袗褕褉邪褎褟薪邪	1
袟.袗. 袗褕褉邪褎褟薪邪	小褌邪谢懈薪	1
袝卸芯胁	袨.肖. 携薪泻褍褋邪	1
袨.肖. 携薪泻褍褋邪	小褌邪谢懈薪	1
袘褍褏邪褉懈薪	袪邪写械泻	1
袪邪写械泻	芯褔薪芯泄	1
袗褋褌褉芯胁	袘褍褏邪褉懈薪	1
袗褋褌褉芯胁	芯褔薪芯泄	1
袛.小. 袟械薪褑芯胁邪	袝卸芯胁	1
袛.小. 袟械薪褑芯胁邪	小褌邪谢懈薪	1
袝.袦. 袦邪薪褞褉懈薪邪-	袝卸芯胁	1
袝.袦. 袦邪薪褞褉懈薪邪-	小褌邪谢懈薪	1
袛.袦. 袥褍锌邪褕泻芯	袝卸芯胁	1
袛.袦. 袥褍锌邪褕泻芯	小褌邪谢懈薪	1
袦.袛. 袘邪谐懈褉芯胁邪	小褌邪谢懈薪	1
袦.袗. 袧邪褉懈屑邪薪芯胁邪	袦.袛. 袘邪谐懈褉芯胁邪	1
袦.袛. 袘邪谐懈褉芯胁邪	锌芯泻邪蟹邪薪懈褟褏	1
袦.袗. 袧邪褉懈屑邪薪芯胁邪	小褌邪谢懈薪	1
袦.袗. 袧邪褉懈屑邪薪芯胁邪	锌芯泻邪蟹邪薪懈褟褏	1
袝卸芯胁	袦.袝. 袘褘褋褌褉芯胁邪	1
袦.袝. 袘褘褋褌褉芯胁邪	小褌邪谢懈薪	1
蟹邪泻谢褞褔械薪懈褟	褌褉芯褑泻懈褋褌褋泻芯谐芯	1
写械谢褍	褌褉芯褑泻懈褋褌褋泻芯谐芯	1
袝卸芯胁	携.袧. 袙械褔械褉泻芯胁褋泻芯谐芯	1
小褌邪谢懈薪	携.袧. 袙械褔械褉泻芯胁褋泻芯谐芯	1
袘.袝. 袘邪褉褋泻芯谐芯	袝卸芯胁	1
袘.袝. 袘邪褉褋泻芯谐芯	小褌邪谢懈薪	1
袥.袟. 袦械褏谢懈褋邪	泻芯褉褉械褋锌芯薪写械薪褌邪	1
袘.袛. 袘械褉屑邪薪褍	袠.袦. 袣械写褉芯胁邪	1
袘.袗. 袣褍褕薪械褉邪	袠.袦. 袣械写褉芯胁邪	1
袠.袦. 袣械写褉芯胁邪	锌芯泻邪蟹邪薪懈褟褏	1
袘.袗. 袣褍褕薪械褉邪	袘.袛. 袘械褉屑邪薪褍	1
袘.袛. 袘械褉屑邪薪褍	锌芯泻邪蟹邪薪懈褟褏	1
袘.袗. 袣褍褕薪械褉邪	锌芯泻邪蟹邪薪懈褟褏	1
袦.袦. 袦邪谢懈薪芯胁邪	小褌邪谢懈薪	1
袦.袦. 袦邪谢懈薪芯胁邪	袧.袧. 袣芯谢芯褌懈谢懈薪邪	1
袦.袦. 袦邪谢懈薪芯胁邪	褋邪屑芯褍斜懈泄褋褌胁械	1
袧.袧. 袣芯谢芯褌懈谢懈薪邪	小褌邪谢懈薪	1
小褌邪谢懈薪	褋邪屑芯褍斜懈泄褋褌胁械	1
袧.袧. 袣芯谢芯褌懈谢懈薪邪	褋邪屑芯褍斜懈泄褋褌胁械	1
袚.小. 袘懈褌泻械褉邪	袝卸芯胁	1
袚.小. 袘懈褌泻械褉邪	小褌邪谢懈薪	1
袝卸芯胁	袣.袗. 袛芯胁谐邪薪褟	1
袣.袗. 袛芯胁谐邪薪褟	小褌邪谢懈薪	1
袝卸芯胁	袧.袣. 袘褍褟薪褋泻芯谐芯	1
袧.袣. 袘褍褟薪褋泻芯谐芯	小褌邪谢懈薪	1
袝卸芯胁	袦.袠. 小褍屑械褑泻芯谐芯	1
袦.袠. 小褍屑械褑泻芯谐芯	小褌邪谢懈薪	1
袗.袗. 袞写邪薪芯胁褍	袥.袦. 袟邪泻芯胁褋泻芯谐芯	1
袣.袧. 袥褍泻薪懈褑泻芯谐芯	袥.袦. 袟邪泻芯胁褋泻芯谐芯	1
袗.袗. 袞写邪薪芯胁褍	袣.袧. 袥褍泻薪懈褑泻芯谐芯	1
袝.袗. 袗褎邪薪邪褋褜械胁邪	小褌邪谢懈薪	1
袝卸芯胁	袩.袧. 袣芯褉芯谢械胁邪	1
袩.袧. 袣芯褉芯谢械胁邪	小褌邪谢懈薪	1
袝卸芯胁	袦.袦. 效械褉械写薪懈褔械薪泻芯	1
袦.袦. 效械褉械写薪懈褔械薪泻芯	小褌邪谢懈薪	1
袝.袙. 笑械褌谢懈薪邪	袝卸芯胁	1
袝卸芯胁	袦.袧. 袛褜褟褔泻芯胁邪	1
袦.袧. 袛褜褟褔泻芯胁邪	小褌邪谢懈薪	1
袝卸芯胁	小.袝. 协泄写屑邪薪邪	1
小.袝. 协泄写屑邪薪邪	小褌邪谢懈薪	1
袝卸芯胁	袣.袧. 袗褎芯薪懈薪邪	1
袣.袧. 袗褎芯薪懈薪邪	小褌邪谢懈薪	1
袝卸芯胁	袧.袠. 孝褉褍斜懈械胁邪	1
袧.袠. 孝褉褍斜懈械胁邪	小褌邪谢懈薪	1
袨谢褜斜械褉谐	写械谢械	1
袨谢褜斜械褉谐	褋褘薪邪	1
写械谢械	褋褘薪邪	1
袝卸芯胁	袦.小. 小褌褉芯懈谢芯胁邪	1
袦.小. 小褌褉芯懈谢芯胁邪	小褌邪谢懈薪	1
袘.袨. 袧芯褉泻懈薪邪	袝卸芯胁	1
袘.袨. 袧芯褉泻懈薪邪	小褌邪谢懈薪	1
袘褍褏邪褉懈薪	袩褟褌邪泻芯胁	1
袩褟褌邪泻芯胁	芯褔薪芯泄	1
袘褍褏邪褉懈薪	袥.小. 小芯褋薪芯胁褋泻懈屑	1
袥.小. 小芯褋薪芯胁褋泻懈屑	芯褔薪芯泄	1
袘褍褏邪褉懈薪	袝.肖. 袣褍谢懈泻芯胁褘屑	1
袠.袗. 袣薪褟蟹械胁邪	袦芯谢芯褌芯胁	1
袥.袟. 袦械褏谢懈褋邪	写芯锌芯谢薪懈褌械谢褜薪褘褏	1
小褌邪谢懈薪	写芯锌芯谢薪懈褌械谢褜薪褘褏	1
袩褟褌邪泻芯胁	写芯锌芯谢薪懈褌械谢褜薪褘褏	1
袗.挟. 孝懈胁械谢褟	小褌邪谢懈薪	1
袠.袗. 袣薪褟蟹械胁邪	小褌邪谢懈薪	1
袗.袗. 袗薪写褉械械胁褍	小.袗. 小邪褉泻懈褋芯胁邪	1
袥.袠. 袚邪褋胁懈邪薪懈	小.袗. 小邪褉泻懈褋芯胁邪	1
袗.袗. 袗薪写褉械械胁褍	袥.袠. 袚邪褋胁懈邪薪懈	1
袠.袗. 袣薪褟蟹械胁邪	袩.袙. 效懈褋褌芯胁褍	1
袠.袗. 袣薪褟蟹械胁邪	小胁械褉写谢芯胁褋泻芯泄	1
袩.袙. 效懈褋褌芯胁褍	小胁械褉写谢芯胁褋泻芯泄	1
袝卸芯胁	肖.袠. 袧懈泻芯谐写邪	1
小褌邪谢懈薪	肖.袠. 袧懈泻芯谐写邪	1
袙.肖. 袟邪褏邪褉懈薪芯泄	袝卸芯胁	1
袙.肖. 袟邪褏邪褉懈薪芯泄	小褌邪谢懈薪	1
袝卸芯胁	袦.袙. 袣械谢写褘褕邪	1
袦.袙. 袣械谢写褘褕邪	小褌邪谢懈薪	1
袚.袛. 袗褉褋械薪褌褜械胁邪	袝卸芯胁	1
袚.袛. 袗褉褋械薪褌褜械胁邪	小褌邪谢懈薪	1
袛.孝. 楔械褉屑械褉谐芯褉薪邪	袝卸芯胁	1
袗.袣. 袛褉芯卸卸懈薪邪	袝卸芯胁	1
袗.袣. 袛褉芯卸卸懈薪邪	小褌邪谢懈薪	1
袝卸芯胁	褋胁芯械泄	1
小褌邪谢懈薪	褋胁芯械泄	1
袪邪写械泻	褋胁芯械泄	1
袝卸芯胁	小.袗. 袗褋懈谢芯胁邪	1
小.袗. 袗褋懈谢芯胁邪	小褌邪谢懈薪	1
袗.袙. 袛蟹械写蟹懈械胁褋泻芯谐芯	袝卸芯胁	1
袗.袙. 袛蟹械写蟹懈械胁褋泻芯谐芯	小褌邪谢懈薪	1
袝卸芯胁	袠.袠. 袚褉邪褕械	1
袠.袠. 袚褉邪褕械	小褌邪谢懈薪	1
袝卸芯胁	携.肖. 袚芯褉芯写械褑泻芯谐芯	1
小褌邪谢懈薪	携.肖. 袚芯褉芯写械褑泻芯谐芯	1
袝卸芯胁	袥.小. 小芯褋薪芯胁褋泻芯谐芯	1
袙.袦. 袦械械褉褋芯薪邪	袝卸芯胁	1
袙.袦. 袦械械褉褋芯薪邪	小褌邪谢懈薪	1
袝卸芯胁	小.携. 楔邪械胁邪	1
小.携. 楔邪械胁邪	小褌邪谢懈薪	1
袝卸芯胁	袩.孝. 袘芯谐邪褔械胁邪	1
袩.孝. 袘芯谐邪褔械胁邪	小褌邪谢懈薪	1
袝卸芯胁	携.袪. 袝谢褜泻芯胁懈褔邪	1
小褌邪谢懈薪	携.袪. 袝谢褜泻芯胁懈褔邪	1
袝卸芯胁	袧.小. 小褘褔械胁邪	1
袧.小. 小褘褔械胁邪	小褌邪谢懈薪	1
袗.袗. 啸胁褘谢懈	袥.袦. 袣邪谐邪薪芯胁懈褔褍	1
袗.袗. 啸胁褘谢懈	袝卸芯胁	1
袝卸芯胁	袥.挟. 袘褉懈泻	1
袙.袦. 袩褉懈屑邪泻芯胁邪	袥.挟. 袘褉懈泻	1
袥.挟. 袘褉懈泻	褋褍写褜斜械	1
袝卸芯胁	褋褍写褜斜械	1
袙.袦. 袩褉懈屑邪泻芯胁邪	褋褍写褜斜械	1
袝卸芯胁	孝.袠. 袚谢械斜芯胁芯泄	1
袝卸芯胁	袦.袩. 袛邪胁褘写芯胁邪	1
袦.袩. 袛邪胁褘写芯胁邪	小褌邪谢懈薪	1
袝卸芯胁	袠.袠. 袘褍褉谢邪泻芯胁邪	1
袠.袠. 袘褍褉谢邪泻芯胁邪	小褌邪谢懈薪	1
袝卸芯胁	袥.袗. 楔邪褑泻懈薪邪	1
袗.携. 袙褘褕懈薪褋泻芯屑褍	袝卸芯胁	1
袗.携. 袙褘褕懈薪褋泻芯屑褍	袥.袗. 楔邪褑泻懈薪邪	1
袪褘泻芯胁	锌芯胁芯写褍	1
袝卸芯胁	袦.袦. 袣褍写褉褟褕械胁邪	1
袦.袦. 袣褍写褉褟褕械胁邪	小褌邪谢懈薪	1
袝卸芯胁	肖.袙. 袣懈锌邪褉懈褋芯胁邪	1
小褌邪谢懈薪	肖.袙. 袣懈锌邪褉懈褋芯胁邪	1
袝卸芯胁	携.袧. 袛褉芯斜薪懈褋邪	1
小褌邪谢懈薪	携.袧. 袛褉芯斜薪懈褋邪	1
袝卸芯胁	袦.袧. 校褎懈屑褑械胁芯泄	1
袦.袧. 校褎懈屑褑械胁芯泄	小褌邪谢懈薪	1
袘.袦. 孝邪谢褟	薪械泻芯褌芯褉褘褏	1
袥.小. 小芯褋薪芯胁褋泻芯谐芯	薪械泻芯褌芯褉褘褏	1
袗.袗. 袣邪褉锌芯胁邪	袝卸芯胁	1
袗.袗. 袣邪褉锌芯胁邪	小褌邪谢懈薪	1
袗.袩. 袦械褌邪谢褜薪懈泻芯胁邪	袝卸芯胁	1
袗.袩. 袦械褌邪谢褜薪懈泻芯胁邪	小褌邪谢懈薪	1
袝卸芯胁	锌褉懈蟹薪邪薪懈懈	1
小褌邪谢懈薪	锌褉懈蟹薪邪薪懈懈	1
袙.袠. 袧械胁褋泻芯谐芯	锌褉懈蟹薪邪薪懈懈	1
袝.袦. 袩褉褍卸邪薪褋泻芯泄	袝卸芯胁	1
袝.袦. 袩褉褍卸邪薪褋泻芯泄	小褌邪谢懈薪	1
袝卸芯胁	挟.袚. 袨褋褌褉芯胁褋泻芯谐芯	1
小褌邪谢懈薪	挟.袚. 袨褋褌褉芯胁褋泻芯谐芯	1
袝卸芯胁	袧.袚. 袨谢褜褏芯胁褋泻芯谐芯	1
袧.袚. 袨谢褜褏芯胁褋泻芯谐芯	小褌邪谢懈薪	1
袙.袦. 袗薪写褉械械胁邪	袝卸芯胁	1
袙.袦. 袗薪写褉械械胁邪	小褌邪谢懈薪	1
袗.袧. 袘邪褉褍谢懈薪邪	袝卸芯胁	1
袗.袧. 袘邪褉褍谢懈薪邪	小褌邪谢懈薪	1
袙.袧. 袚芯谢芯胁邪薪芯胁邪	袝卸芯胁	1
袙.袧. 袚芯谢芯胁邪薪芯胁邪	小褌邪谢懈薪	1
袝卸芯胁	肖.肖. 袠芯褝谢褜褋芯薪	1
小褌邪谢懈薪	肖.肖. 袠芯褝谢褜褋芯薪	1
袗.袠. 袙懈褌泻芯胁褋泻芯谐芯	袝卸芯胁	1
袗.袠. 袙懈褌泻芯胁褋泻芯谐芯	小褌邪谢懈薪	1
袙.袦. 袩褉懈屑邪泻芯胁邪	小褌邪谢懈薪	1
袥.袚. 袦懈褉芯薪芯胁邪	小褌邪谢懈薪	1
袥.袚. 袦懈褉芯薪芯胁邪	谢懈泻胁懈写邪褑懈懈	1
小褌邪谢懈薪	谢懈泻胁懈写邪褑懈懈	1
袗.袠. 挟谢懈薪邪	小褌邪谢懈薪	1
袙.肖. 袥芯谐懈薪芯胁褘屑	袝卸芯胁	1
袝卸芯胁	小.袗. 袪邪褌邪泄褔邪泻邪	1
袙.肖. 袥芯谐懈薪芯胁褘屑	小褌邪谢懈薪	1
小.袗. 袪邪褌邪泄褔邪泻邪	小褌邪谢懈薪	1
袙.肖. 袥芯谐懈薪芯胁褘屑	小.袗. 袪邪褌邪泄褔邪泻芯屑	1
小.袗. 袪邪褌邪泄褔邪泻邪	小.袗. 袪邪褌邪泄褔邪泻芯屑	1
小.袗. 袪邪褌邪泄褔邪泻芯屑	写芯锌褉芯褋邪	1
袙.肖. 袥芯谐懈薪芯胁褘屑	小.袗. 袪邪褌邪泄褔邪泻邪	1
袙.肖. 袥芯谐懈薪芯胁褘屑	写芯锌褉芯褋邪	1
小.袗. 袪邪褌邪泄褔邪泻邪	写芯锌褉芯褋邪	1
袗.袗. 楔械褋褌芯胁邪	袝卸芯胁	1
袠.袦. 袚褍褉械胁懈褔邪	小褌邪谢懈薪	1
袗.袠. 袚邪谢褜锌械褉懈薪邪	袝卸芯胁	1
袗.袠. 袚邪谢褜锌械褉懈薪邪	小褌邪谢懈薪	1
袝卸芯胁	胁蟹褉褘胁械	1
袝卸芯胁	褉褍写芯褍锌褉邪胁谢械薪懈褟	1
袗.携. 袙褘褕懈薪褋泻芯谐芯	蟹邪泻谢褞褔械薪懈褟	1
袗.携. 袙褘褕懈薪褋泻芯谐芯	写械谢褍	1
袗.携. 袙褘褕懈薪褋泻芯谐芯	胁蟹褉褘胁械	1
袗.携. 袙褘褕懈薪褋泻芯谐芯	褉褍写芯褍锌褉邪胁谢械薪懈褟	1
小褌邪谢懈薪	蟹邪泻谢褞褔械薪懈褟	1
小褌邪谢懈薪	胁蟹褉褘胁械	1
小褌邪谢懈薪	褉褍写芯褍锌褉邪胁谢械薪懈褟	1
胁蟹褉褘胁械	蟹邪泻谢褞褔械薪懈褟	1
蟹邪泻谢褞褔械薪懈褟	褉褍写芯褍锌褉邪胁谢械薪懈褟	1
胁蟹褉褘胁械	写械谢褍	1
写械谢褍	褉褍写芯褍锌褉邪胁谢械薪懈褟	1
胁蟹褉褘胁械	褉褍写芯褍锌褉邪胁谢械薪懈褟	1
小.袚. 袪邪写芯屑褘褋谢褜褋泻芯谐芯	小褌邪谢懈薪	1
小褌邪谢懈薪	肖.袠. 袙邪泄褋斜械褉谐邪	1
袝卸芯胁	袠.袟. 小褌邪薪泻懈薪邪	1
袠.袟. 小褌邪薪泻懈薪邪	小褌邪谢懈薪	1
袘.袗. 袛胁懈薪褋泻芯屑褍	袠.袠. 袩械褌褍褏芯胁邪	1
袠.袠. 袩械褌褍褏芯胁邪	小.袗. 孝褍褉芯胁褋泻芯谐芯	1
袠.袠. 袩械褌褍褏芯胁邪	袣.袝. 袙芯褉芯褕懈谢芯胁褍	1
袘.袗. 袛胁懈薪褋泻芯屑褍	小.袗. 孝褍褉芯胁褋泻芯谐芯	1
袘.袗. 袛胁懈薪褋泻芯屑褍	袣.袝. 袙芯褉芯褕懈谢芯胁褍	1
袣.袝. 袙芯褉芯褕懈谢芯胁褍	小.袗. 孝褍褉芯胁褋泻芯谐芯	1
袗.袦. 袣邪褕泻懈薪邪	袝卸芯胁	1
袗.袦. 袣邪褕泻懈薪邪	小褌邪谢懈薪	1
袝卸芯胁	袧.袠. 袗薪写褉械械胁邪	1
袧.袠. 袗薪写褉械械胁邪	小褌邪谢懈薪	1
袝卸芯胁	袦.袦. 袨褋泻芯谢褜褋泻芯谐芯-	1
袦.袦. 袨褋泻芯谢褜褋泻芯谐芯-	小褌邪谢懈薪	1
袗谐褉邪薪芯胁	袝.袠. 袩械褉谢懈薪邪	1
袝.袠. 袩械褉谢懈薪邪	小褌邪谢懈薪	1
袝卸芯胁	袦.袧. 携泻芯胁谢械胁邪	1
袝.袪. 袦邪泄械褉邪	袝卸芯胁	1
袝.袪. 袦邪泄械褉邪	小褌邪谢懈薪	1
袩.肖. 小邪锌芯卸薪懈泻芯胁邪	写械褟褌械谢褜薪芯褋褌懈	1
袗谐褉邪薪芯胁	袥.袦. 袨褋褌褉芯胁褋泻芯泄	1
袥.袦. 袨褋褌褉芯胁褋泻芯泄	小褌邪谢懈薪	1
袥.袦. 袣邪谐邪薪芯胁懈褔褍	携.袗. 袥懈胁褕懈褑邪	1
携.袗. 袥懈胁褕懈褑邪	胁芯锌褉芯褋邪褏	1
袥.袦. 袣邪谐邪薪芯胁懈褔褍	胁芯锌褉芯褋邪褏	1
袝卸芯胁	胁芯锌褉芯褋邪褏	1
袚.袚. 携谐芯写褘	袧.袗. 校谐谢邪薪芯胁邪	1
袝卸芯胁	袧.袗. 校谐谢邪薪芯胁邪	1
袚.袚. 携谐芯写褘	袦.肖. 袠芯褝谢褜褋芯薪邪	1
袝卸芯胁	袦.肖. 袠芯褝谢褜褋芯薪邪	1
袗.袠. 挟谢懈薪邪	袚.袚. 携谐芯写褘	1
袗.袗. 袛芯泻褍褔邪械胁邪	袚.袚. 携谐芯写褘	1
袗谐褉邪薪芯胁	袛.袗. 楔屑懈写褌邪	1
袛.袗. 楔屑懈写褌邪	袝卸芯胁	1
袠.袨. 袚芯谢褜写械薪斜械褉谐邪	锌芯泻邪蟹邪薪懈褟褏	1
袠.袦. 袚褍褉械胁懈褔邪	锌芯泻邪蟹邪薪懈褟褏	1
袗.携. 袙褘褕懈薪褋泻芯谐芯	锌褉械泻褉邪褖械薪懈懈	1
袗.携. 袙褘褕懈薪褋泻芯谐芯	锌褉芯懈蟹胁芯写褋褌胁邪	1
袗.携. 袙褘褕懈薪褋泻芯谐芯	芯褌薪芯褕械薪懈懈	1
袗.携. 袙褘褕懈薪褋泻芯谐芯	袪褘泻芯胁	1
袗.携. 袙褘褕懈薪褋泻芯谐芯	袘褍褏邪褉懈薪	1
锌褉械泻褉邪褖械薪懈懈	锌褉芯懈蟹胁芯写褋褌胁邪	1
芯褌薪芯褕械薪懈懈	锌褉械泻褉邪褖械薪懈懈	1
袪褘泻芯胁	锌褉械泻褉邪褖械薪懈懈	1
袘褍褏邪褉懈薪	锌褉械泻褉邪褖械薪懈懈	1
芯褌薪芯褕械薪懈懈	锌褉芯懈蟹胁芯写褋褌胁邪	1
袪褘泻芯胁	锌褉芯懈蟹胁芯写褋褌胁邪	1
袘褍褏邪褉懈薪	锌褉芯懈蟹胁芯写褋褌胁邪	1
袪褘泻芯胁	芯褌薪芯褕械薪懈懈	1
袘褍褏邪褉懈薪	芯褌薪芯褕械薪懈懈	1
袚.袚. 携谐芯写褘	袪邪写械泻	1
袚.袚. 携谐芯写褘	蟹邪褕懈褎褉芯胁邪薪薪芯谐芯	1
袝卸芯胁	蟹邪褕懈褎褉芯胁邪薪薪芯谐芯	1
袪邪写械泻	邪褉械褋褌械	1
袪邪写械泻	蟹邪褕懈褎褉芯胁邪薪薪芯谐芯	1
邪褉械褋褌械	蟹邪褕懈褎褉芯胁邪薪薪芯谐芯	1
袗谐褉邪薪芯胁	邪褉械褋褌械	1
袝卸芯胁	协.袧. 袗写褍薪褋泻芯泄	1
袙.袗. 袘邪谢懈褑泻芯谐芯	肖.袠. 袙邪泄褋斜械褉谐邪	1
袚.袚. 携谐芯写械	袛屑懈褌褉懈械胁	1
袛屑懈褌褉懈械胁	袧.袠. 袦芯褋泻邪谢械胁邪	1
袛屑懈褌褉懈械胁	锌褉懈蟹薪邪褌械谢褜薪褘褏	1
袚.袚. 携谐芯写械	袧.袠. 袦芯褋泻邪谢械胁邪	1
袚.袚. 携谐芯写械	锌褉懈蟹薪邪褌械谢褜薪褘褏	1
袧.袠. 袦芯褋泻邪谢械胁邪	锌褉懈蟹薪邪褌械谢褜薪褘褏	1
袚.袚. 携谐芯写褘	锌械褉胁芯屑	1
袝卸芯胁	锌械褉胁芯屑	1
袧.袠. 袦芯褋泻邪谢械胁邪	袩褟褌邪泻芯胁	1
袩褟褌邪泻芯胁	邪褉械褋褌械	1
袩褟褌邪泻芯胁	锌械褉胁芯屑	1
袧.袠. 袦芯褋泻邪谢械胁邪	邪褉械褋褌械	1
袧.袠. 袦芯褋泻邪谢械胁邪	锌械褉胁芯屑	1
邪褉械褋褌械	锌械褉胁芯屑	1
袝卸芯胁	袨.袗. 袥懈写邪泻邪	1
袨.袗. 袥懈写邪泻邪	小褌邪谢懈薪	1
袠袧袨	写械褟褌械谢褜薪芯褋褌懈	1
袠袧袨	袧褜褞-袡芯褉泻械	1
袧褜褞-袡芯褉泻械	写械褟褌械谢褜薪芯褋褌懈	1
袙.袗. 袘邪谢懈褑泻芯谐芯	芯褌褋褘谢泻械	1
袙.袗. 袘邪谢懈褑泻芯谐芯	写芯锌褉芯褋芯胁	1
袙.袗. 袘邪谢懈褑泻芯谐芯	褑械薪褌褉邪谢褜薪褘泄	1
袝卸芯胁	芯褌褋褘谢泻械	1
袝卸芯胁	写芯锌褉芯褋芯胁	1
袝卸芯胁	褑械薪褌褉邪谢褜薪褘泄	1
写芯锌褉芯褋芯胁	芯褌褋褘谢泻械	1
芯褌褋褘谢泻械	褑械薪褌褉邪谢褜薪褘泄	1
写芯锌褉芯褋芯胁	褑械薪褌褉邪谢褜薪褘泄	1
袛.小. 袚褍褉械胁懈褔邪	袝卸芯胁	1
袙.袧. 携泻芯胁谢械胁芯泄	袛.小. 袚褍褉械胁懈褔邪	1
袛.小. 袚褍褉械胁懈褔邪	蟹邪屑械褋褌懈褌械谢褟	1
袛.小. 袚褍褉械胁懈褔邪	袩谢邪薪褎懈薪褌芯褉谐芯褌写械谢芯屑	1
袙.袧. 携泻芯胁谢械胁芯泄	袝卸芯胁	1
袝卸芯胁	蟹邪屑械褋褌懈褌械谢褟	1
袝卸芯胁	袩谢邪薪褎懈薪褌芯褉谐芯褌写械谢芯屑	1
袙.袧. 携泻芯胁谢械胁芯泄	蟹邪屑械褋褌懈褌械谢褟	1
袙.袧. 携泻芯胁谢械胁芯泄	袩谢邪薪褎懈薪褌芯褉谐芯褌写械谢芯屑	1
袩谢邪薪褎懈薪褌芯褉谐芯褌写械谢芯屑	蟹邪屑械褋褌懈褌械谢褟	1
袚.袚. 携谐芯写褘	袣.小. 袛芯褉芯褎械械胁邪	1
袗谐褉邪薪芯胁	写芯锌褉芯褋邪	1
袝卸芯胁	袦.袩. 孝芯屑褋泻芯谐芯	1
袝卸芯胁	芯斜褋褌芯褟褌械谢褜褋褌胁邪褏	1
小褌邪谢懈薪	芯斜褋褌芯褟褌械谢褜褋褌胁邪褏	1
袦.袩. 孝芯屑褋泻芯谐芯	芯斜褋褌芯褟褌械谢褜褋褌胁邪褏	1
谐械褉屑邪薪褋泻芯谐芯	褉械邪泻褑懈懈	1
袦芯褋泻胁械	褉械邪泻褑懈懈	1
袦芯褋泻胁械	谐械褉屑邪薪褋泻芯谐芯	1
袘褍褏邪褉懈薪	小芯泻芯谢褜薪懈泻芯胁	1
袗.携. 袙褘褕懈薪褋泻懈屑	小芯泻芯谢褜薪懈泻芯胁	1
袚.袚. 携谐芯写褘	肖.袙. 携斜谢芯薪褋泻芯泄	1
袝卸芯胁	肖.袙. 携斜谢芯薪褋泻芯泄	1
袩.肖. 小邪锌芯卸薪懈泻芯胁邪	写械谢褍	1
袘.袦. 孝邪谢褟	芯褋胁芯斜芯卸写械薪懈懈	1
袥.小. 小芯褋薪芯胁褋泻芯谐芯	芯褋胁芯斜芯卸写械薪懈懈	1
袥.袩. 袘械褉懈懈	褉邪蟹芯斜谢邪褔械薪懈懈	1
小褌邪谢懈薪	褉邪蟹芯斜谢邪褔械薪懈懈	1
袚.袦. 袦邪谢械薪泻芯胁褍	袪.袠. 协泄褏械	1
袝卸芯胁	袪.袠. 协泄褏械	1
袚.袦. 袦邪谢械薪泻芯胁褍	袝卸芯胁	1
袦.袠. 孝芯屑褋泻芯泄	小褌邪谢懈薪	1
袝卸芯胁	袦.袨. 袟褞泻邪	1
袗.携. 袙褘褕懈薪褋泻芯谐芯	袘.袦. 袘械泻泻械褉邪	1
袗.携. 袙褘褕懈薪褋泻芯谐芯	小.袙. 袦褉邪褔泻芯胁褋泻芯屑	1
袘.袦. 袘械泻泻械褉邪	袝卸芯胁	1
袝卸芯胁	小.袙. 袦褉邪褔泻芯胁褋泻芯屑	1
袘.袦. 袘械泻泻械褉邪	小.袙. 袦褉邪褔泻芯胁褋泻芯屑	1
袝卸芯胁	袠.孝. 小屑懈谢谐懈	1
孝.袠. 袚谢械斜芯胁芯泄	效谢械薪芯胁	1
效谢械薪芯胁	写械谢褍	1
孝.袠. 袚谢械斜芯胁芯泄	写械谢褍	1
袗.携. 袙褘褕懈薪褋泻芯屑褍	袪.袩. 袣邪褌邪薪褟薪邪	1
袣.袙. 袚械薪械褉邪谢芯胁芯泄	袪.袩. 袣邪褌邪薪褟薪邪	1
袗.携. 袙褘褕懈薪褋泻芯屑褍	袣.袙. 袚械薪械褉邪谢芯胁芯泄	1
袠袧袨	薪芯胁褘褏	1
袠袧袨	袧芯褉胁械谐懈懈	1
袧芯褉胁械谐懈懈	薪芯胁褘褏	1
袗.袦. 袚械褉褌懈泻邪	袚.袚. 携谐芯写褘	1
袗.袦. 袚械褉褌懈泻邪	小褌邪谢懈薪	1
袘褍褏邪褉懈薪	袣.袝. 袙芯褉芯褕懈谢芯胁邪	1
袗.袗. 楔械褋褌芯胁邪	袚.袚. 携谐芯写褘	1
袚.袚. 携谐芯写褘	袧.袚. 孝褍屑邪薪芯胁邪	1
袧.袚. 孝褍屑邪薪芯胁邪	小褌邪谢懈薪	1
袝卸芯胁	楔.袦. 袛胁芯谢邪泄褑泻芯谐芯	1
袦芯谢芯褌芯胁	楔.袦. 袛胁芯谢邪泄褑泻芯谐芯	1
袦.袙. 袩芯蟹写械械胁芯泄	楔.袦. 袛胁芯谢邪泄褑泻芯谐芯	1
袦.袠. 袥褍褉褜械	楔.袦. 袛胁芯谢邪泄褑泻芯谐芯	1
楔.袦. 袛胁芯谢邪泄褑泻芯谐芯	蟹薪邪泻芯屑褋褌胁械	1
袝卸芯胁	袦.袙. 袩芯蟹写械械胁芯泄	1
袝卸芯胁	袦.袠. 袥褍褉褜械	1
袝卸芯胁	蟹薪邪泻芯屑褋褌胁械	1
袦.袙. 袩芯蟹写械械胁芯泄	袦芯谢芯褌芯胁	1
袦.袠. 袥褍褉褜械	袦芯谢芯褌芯胁	1
袦芯谢芯褌芯胁	蟹薪邪泻芯屑褋褌胁械	1
袦.袙. 袩芯蟹写械械胁芯泄	袦.袠. 袥褍褉褜械	1
袦.袙. 袩芯蟹写械械胁芯泄	蟹薪邪泻芯屑褋褌胁械	1
袦.袠. 袥褍褉褜械	蟹薪邪泻芯屑褋褌胁械	1
袗.小. 袘褍谢懈薪褍	袙.袦. 袦褍谢懈薪邪	1
袙.袦. 袦褍谢懈薪邪	褍锌褉邪胁谢械薪懈褟	1
袙.袦. 袦褍谢懈薪邪	胁蟹邪懈屑芯芯褌薪芯褕械薪懈褟褏	1
袙.袦. 袦褍谢懈薪邪	袧袣袨	1
袗.小. 袘褍谢懈薪褍	褍锌褉邪胁谢械薪懈褟	1
袗.小. 袘褍谢懈薪褍	胁蟹邪懈屑芯芯褌薪芯褕械薪懈褟褏	1
袗.小. 袘褍谢懈薪褍	袧袣袨	1
胁蟹邪懈屑芯芯褌薪芯褕械薪懈褟褏	褍锌褉邪胁谢械薪懈褟	1
袧袣袨	褍锌褉邪胁谢械薪懈褟	1
袧袣袨	胁蟹邪懈屑芯芯褌薪芯褕械薪懈褟褏	1
袪邪写械泻	小械泻褉械褌邪褉懈邪褌	1
袪邪写械泻	锌芯胁芯写褍	1
袟懈薪芯胁褜械胁	袪邪写械泻	1
小械泻褉械褌邪褉懈邪褌	锌芯胁芯写褍	1
袟懈薪芯胁褜械胁	锌芯胁芯写褍	1
袪邪写械泻	锌邪褉褌泻芯谢谢械泻褌懈胁褍	1
袥.袟. 袦械褏谢懈褋邪	袥.袦. 袣邪谐邪薪芯胁懈褔褍	1
袗.袗. 袗薪写褉械械胁褍	袥.袟. 袦械褏谢懈褋邪	1
袝卸芯胁	袥.袟. 袦械褏谢懈褋邪	1
袥.袟. 袦械褏谢懈褋邪	芯褋褍卸写械薪薪褘褏	1
袥.袟. 袦械褏谢懈褋邪	褑械薪褌褉邪	1
袟懈薪芯胁褜械胁	袥.袟. 袦械褏谢懈褋邪	1
袗.袗. 袗薪写褉械械胁褍	袥.袦. 袣邪谐邪薪芯胁懈褔褍	1
袥.袦. 袣邪谐邪薪芯胁懈褔褍	芯褋褍卸写械薪薪褘褏	1
袥.袦. 袣邪谐邪薪芯胁懈褔褍	褑械薪褌褉邪	1
袗.袗. 袗薪写褉械械胁褍	袝卸芯胁	1
袗.袗. 袗薪写褉械械胁褍	芯褋褍卸写械薪薪褘褏	1
袗.袗. 袗薪写褉械械胁褍	褑械薪褌褉邪	1
袗.袗. 袗薪写褉械械胁褍	袟懈薪芯胁褜械胁	1
袝卸芯胁	芯褋褍卸写械薪薪褘褏	1
袝卸芯胁	褑械薪褌褉邪	1
芯褋褍卸写械薪薪褘褏	褑械薪褌褉邪	1
袟懈薪芯胁褜械胁	芯褋褍卸写械薪薪褘褏	1
袟懈薪芯胁褜械胁	褑械薪褌褉邪	1
袗.袛. 袘褉芯薪褕褌械泄薪械	褋械泻褉械褌邪褉褟	1
袗.袛. 袘褉芯薪褕褌械泄薪械	褋邪褏蟹邪胁芯写邪	1
袗.袛. 袘褉芯薪褕褌械泄薪械	褉邪泄芯薪邪	1
袗.袛. 袘褉芯薪褕褌械泄薪械	袛屑懈褌褉懈械胁	1
褋邪褏蟹邪胁芯写邪	褋械泻褉械褌邪褉褟	1
褉邪泄芯薪邪	褋械泻褉械褌邪褉褟	1
袛屑懈褌褉懈械胁	褋械泻褉械褌邪褉褟	1
褉邪泄芯薪邪	褋邪褏蟹邪胁芯写邪	1
袛屑懈褌褉懈械胁	褋邪褏蟹邪胁芯写邪	1
袛屑懈褌褉懈械胁	褉邪泄芯薪邪	1
袦.袚. 袣芯褉芯锌	小屑懈褉薪芯胁	1
袦芯谢芯褌芯胁	肖.袩. 楔胁邪谢褜斜械	1
袥.袦. 袣邪谐邪薪芯胁懈褔褍	袧.小. 啸褉褍褖械胁邪	1
袧.小. 啸褉褍褖械胁邪	袪褘泻芯胁	1
袥.袦. 袣邪谐邪薪芯胁懈褔褍	袪褘泻芯胁	1
袪邪写械泻	褋胁褟蟹懈	1
小褌邪谢懈薪	褋胁褟蟹懈	1
袧邪褉泻芯屑褋胁褟蟹懈	袪褘泻芯胁	1
袧邪褉泻芯屑褋胁褟蟹懈	小褌邪谢懈薪	1
袦.袨. 袟褞泻邪	小褌邪谢懈薪	1
袩.袠. 袘邪泻邪械胁邪	谐邪蟹械褌褘	1
袩芯谢懈褌斜褞褉芯	袪褘泻芯胁	1
袪褘泻芯胁	胁褘褋褌褍锌谢械薪懈懈	1
袩芯谢懈褌斜褞褉芯	胁褘褋褌褍锌谢械薪懈懈	1
袙.肖. 袥芯谐懈薪芯胁邪	袚.袚. 携谐芯写械	1
袙.肖. 袥芯谐懈薪芯胁邪	锌芯泻邪蟹邪薪懈褟褏	1
袗.携. 小胁械褉写谢芯胁邪	锌芯胁芯写褍	1
袝卸芯胁	锌芯胁芯写褍	1
袘.袧. 小邪褏芯胁邪	袝卸芯胁	1
袘.袧. 小邪褏芯胁邪	袚.袚. 携谐芯写械	1
袘.袧. 小邪褏芯胁邪	薪邪蟹薪邪褔械薪懈褟	1
袝卸芯胁	薪邪蟹薪邪褔械薪懈褟	1
袚.袚. 携谐芯写械	薪邪蟹薪邪褔械薪懈褟	1
袚.袚. 携谐芯写褘	袚.小. 袥褞褕泻芯胁褍	1
袚.小. 袥褞褕泻芯胁褍	小褌邪谢懈薪	1
袚.小. 袥褞褕泻芯胁褍	袟懈薪芯胁褜械胁	1
泻芯褉锌褍褋邪	褉邪斜芯褌薪懈泻芯胁	1
袪邪写械泻	芯褌褔械褌邪	1
袪邪写械泻	锌邪褉褌褋芯斜褉邪薪懈褟	1
芯褌褔械褌邪	锌邪褉褌褋芯斜褉邪薪懈褟	1
袦.袧. 笑懈薪褑邪写蟹械	芯斜胁懈薪褟械屑芯谐芯	1
袚.袠. 小械褉械斜褉褟泻芯胁芯泄	袝卸芯胁	1
袚.袠. 小械褉械斜褉褟泻芯胁芯泄	蟹邪泻谢褞褔械薪懈褟	1
袟懈薪芯胁褜械胁	胁褋泻褉褘褌褘褏	1
袚.袚. 携谐芯写褘	袥.袦. 袣邪谐邪薪芯胁懈褔褍	1
袠.袠. 袪械泄薪谐芯谢褜写邪	袥.袦. 袣邪谐邪薪芯胁懈褔褍	1
袪邪写械泻	锌芯谢芯卸械薪懈懈	1
袠薪芯褋褌褉邪薪薪芯屑	袪邪写械泻	1
袠薪芯褋褌褉邪薪薪芯屑	锌芯谢芯卸械薪懈懈	1
袪邪写械泻	邪锌锌邪褉邪褌械	1
袪邪写械泻	屑械卸写褍薪邪褉芯写薪芯泄	1
邪锌锌邪褉邪褌械	屑械卸写褍薪邪褉芯写薪芯泄	1
袝.袙. 袩懈泻械谢褜	小褌邪谢懈薪	1
袛.袟. 袦邪薪褍懈谢褜褋泻芯屑褍	袦.袗. 袦芯褋泻胁懈薪褍	1
袛.袟. 袦邪薪褍懈谢褜褋泻芯屑褍	褋械泻褉械褌邪褉褟	1
袦.袗. 袦芯褋泻胁懈薪褍	褋械泻褉械褌邪褉褟	1
袠.袠. 袪械泄薪芯谐谢褜写邪	袩褟褌邪泻芯胁	1
袧.袙. 袚芯谢褍斜械薪泻芯	袩褟褌邪泻芯胁	1
袩褟褌邪泻芯胁	锌芯泻邪蟹邪薪懈褟褏	1
袠.袠. 袪械泄薪芯谐谢褜写邪	小褌邪谢懈薪	1
袠.袠. 袪械泄薪芯谐谢褜写邪	袧.袙. 袚芯谢褍斜械薪泻芯	1
袠.袠. 袪械泄薪芯谐谢褜写邪	锌芯泻邪蟹邪薪懈褟褏	1
袝卸芯胁	斜械褋械写械	1
小褌邪谢懈薪	斜械褋械写械	1
袩褟褌邪泻芯胁	斜械褋械写械	1
袚.袚. 携谐芯写褘	袚.袝. 袝胁写芯泻懈屑芯胁邪	1
袗.袥. 袥械芯薪褌褜械胁邪	袝卸芯胁	1
袗.袥. 袥械芯薪褌褜械胁邪	锌褉懈	1
袝卸芯胁	锌褉懈	1
袚.袚. 携谐芯写褘	袧.袙. 袚芯谢褍斜械薪泻芯	1
袚.袚. 携谐芯写褘	效谢械薪芯胁	1
蟹邪泻谢褞褔械薪懈褟	褌械褉褉芯褉懈褋褌懈褔械褋泻芯谐芯	1
袟懈薪芯胁褜械胁	蟹邪泻谢褞褔械薪懈褟	1
写械谢褍	褌械褉褉芯褉懈褋褌懈褔械褋泻芯谐芯	1
袟懈薪芯胁褜械胁	褌械褉褉芯褉懈褋褌懈褔械褋泻芯谐芯	1
袚.袚. 携谐芯写械	袚.小. 肖褉懈写谢褟薪写邪	1
袚.袚. 携谐芯写褘	袚.袦. 袗褉泻褍褋芯屑	1
袚.袚. 携谐芯写褘	袠.袠. 袪械泄薪谐芯谢褜写芯屑	1
袚.袦. 袗褉泻褍褋芯屑	小褌邪谢懈薪	1
袠.袠. 袪械泄薪谐芯谢褜写芯屑	小褌邪谢懈薪	1
袚.袦. 袗褉泻褍褋芯屑	袠.袠. 袪械泄薪谐芯谢褜写芯屑	1
袚.袚. 携谐芯写褘	袚.小. 肖褉懈写谢褟薪写邪	1
袚.小. 肖褉懈写谢褟薪写邪	袝卸芯胁	1
袚.袚. 携谐芯写褘	小.袦. 袟邪泻褋邪-	1
袚.袚. 携谐芯写褘	袦芯谢芯褌芯胁	1
袚.袚. 携谐芯写褘	小.袙. 袦褉邪褔泻芯胁褋泻懈屑	1
袦芯谢芯褌芯胁	小屑懈褉薪芯胁	1
袦芯谢芯褌芯胁	小.袙. 袦褉邪褔泻芯胁褋泻懈屑	1
小.袙. 袦褉邪褔泻芯胁褋泻懈屑	小屑懈褉薪芯胁	1
袝卸芯胁	袠.袠. 袪械泄薪谐芯谢褜写邪	1
袥.肖. 袛懈褌褟褌械胁芯泄	邪褉械褋褌械	1
袚.袚. 携谐芯写褘	袧.袗. 袣邪褉械胁褘屑	1
袧.袗. 袣邪褉械胁褘屑	小褌邪谢懈薪	1
袟懈薪芯胁褜械胁	袧.袗. 袣邪褉械胁褘屑	1
袗谐褉邪薪芯胁	袦.孝. 袗薪褌芯薪芯胁邪	1
袝卸芯胁	袦.孝. 袗薪褌芯薪芯胁邪	1
袚.袚. 携谐芯写褘	袪.袙. 袩懈泻械谢褟	1
袪.袙. 袩懈泻械谢褟	小褌邪谢懈薪	1
袧.袥. 袥褍褉褜械	小褌邪谢懈薪	1
袗谐褉邪薪芯胁	袠.袠. 袪械泄薪谐芯谢褜写邪	1
袗.袠. 校胁邪褉芯胁邪	袗谐褉邪薪芯胁	1
袗.袠. 校胁邪褉芯胁邪	袝卸芯胁	1
袗谐褉邪薪芯胁	袣.袠. 袚褉褞薪褕褌械泄薪邪	1
袝卸芯胁	袣.袠. 袚褉褞薪褕褌械泄薪邪	1
袠.袩. 袘邪泻邪械胁褘屑	袧.袗. 袣邪褉械胁褘屑	1
袝卸芯胁	袧.袥. 袥褍褉褜械	1
袚.袚. 携谐芯写褘	袠.袦. 袘褘泻-	1
袗.袦. 袗褉泻褍褋	袚.袚. 携谐芯写褘	1
袠.袦. 袘褘泻-	小褌邪谢懈薪	1
袗.袦. 袗褉泻褍褋	小褌邪谢懈薪	1
袚.袦. 袗褉泻褍褋邪	袠.袦. 袘褘泻-	1
袗.袦. 袗褉泻褍褋	袠.袦. 袘褘泻-	1
袗.袙. 袚邪谢泻懈薪邪	袠.袦. 袘褘泻-	1
袠.袦. 袘褘泻-	邪褉械褋褌械	1
袗.袦. 袗褉泻褍褋	袚.袦. 袗褉泻褍褋邪	1
袗.袙. 袚邪谢泻懈薪邪	袚.袦. 袗褉泻褍褋邪	1
袚.袦. 袗褉泻褍褋邪	邪褉械褋褌械	1
袗.袙. 袚邪谢泻懈薪邪	袗.袦. 袗褉泻褍褋	1
袗.袦. 袗褉泻褍褋	邪褉械褋褌械	1
袗.袙. 袚邪谢泻懈薪邪	邪褉械褋褌械	1
袘.袠. 袣褍蟹褜屑懈褔械胁邪	小褌邪谢懈薪	1
袘.袠. 袣褍蟹褜屑懈褔械胁邪	邪褉械褋褌械	1
袚.袚. 携谐芯写褘	袠.肖. 肖谢邪泻褋邪	1
袝卸芯胁	袠.肖. 肖谢邪泻褋邪	1
袛.袗. 楔屑懈写褌邪	邪褉械褋褌械	1
袚.袚. 携谐芯写褘	袪.袗. 袚褉褞薪褕褌械泄薪	1
袪.袗. 袚褉褞薪褕褌械泄薪	小褌邪谢懈薪	1
袚.袚. 携谐芯写褘	袠.小. 协褋褌械褉屑邪薪邪	1
袠.小. 协褋褌械褉屑邪薪邪	小褌邪谢懈薪	1
袠袧袨	蟹邪谐褉邪薪懈褔薪褘褏	1
袚.袚. 携谐芯写褘	锌褉械写邪薪懈懈	1
袚.袚. 携谐芯写褘	蟹邪泻芯薪褍	1
小褌邪谢懈薪	锌褉械写邪薪懈懈	1
小褌邪谢懈薪	蟹邪泻芯薪褍	1
锌褉械写邪薪懈懈	褌褉芯褑泻懈褋褌褋泻芯泄	1
蟹邪泻芯薪褍	褌褉芯褑泻懈褋褌褋泻芯泄	1
蟹邪泻芯薪褍	锌褉械写邪薪懈懈	1
袚.袚. 携谐芯写褘	袦.袠. 袥褍褉褜械	1
袦.袠. 袥褍褉褜械	小褌邪谢懈薪	1
袚.袚. 携谐芯写褘	袚.小. 孝褘屑褟薪褋泻芯谐芯	1
袚.小. 孝褘屑褟薪褋泻芯谐芯	袝卸芯胁	1
袚.袗. 袦芯谢褔邪薪芯胁褍	袝卸芯胁	1
袗.袠. 袘懈褉泻械薪谐芯褎芯屑	袝卸芯胁	1
袝卸芯胁	写芯锌褉芯褋械	1
袝卸芯胁	褎芯褌芯谐褉邪褎懈懈	1
袗.袠. 袘懈褉泻械薪谐芯褎邪	袚.袗. 袦芯谢褔邪薪芯胁褍	1
袗.袠. 袘懈褉泻械薪谐芯褎芯屑	袚.袗. 袦芯谢褔邪薪芯胁褍	1
袚.袗. 袦芯谢褔邪薪芯胁褍	写芯锌褉芯褋械	1
袚.袗. 袦芯谢褔邪薪芯胁褍	褎芯褌芯谐褉邪褎懈懈	1
袗.袠. 袘懈褉泻械薪谐芯褎邪	袗.袠. 袘懈褉泻械薪谐芯褎芯屑	1
袗.袠. 袘懈褉泻械薪谐芯褎邪	写芯锌褉芯褋械	1
袗.袠. 袘懈褉泻械薪谐芯褎邪	褎芯褌芯谐褉邪褎懈懈	1
袗.袠. 袘懈褉泻械薪谐芯褎芯屑	写芯锌褉芯褋械	1
袗.袠. 袘懈褉泻械薪谐芯褎芯屑	褎芯褌芯谐褉邪褎懈懈	1
写芯锌褉芯褋械	褎芯褌芯谐褉邪褎懈懈	1
袚.袚. 携谐芯写褘	袧.肖. 袩械褔械褉褋泻芯谐芯	1
袧.肖. 袩械褔械褉褋泻芯谐芯	小褌邪谢懈薪	1
袗.袚. 袣芯谢芯写懈薪邪	袚.袚. 携谐芯写褘	1
袚.袚. 携谐芯写褘	袦.袧. 携泻芯胁谢械胁邪	1
袚.袚. 携谐芯写褘	袦.袩. 袞邪泻芯胁邪	1
袝卸芯胁	袦.袩. 袞邪泻芯胁邪	1
袚.袝. 袩褉芯泻芯褎褜械胁邪	袦.袥. 袘褘褏芯胁褋泻芯谐芯	1
袗.袗. 袘褍褋褘谐懈薪邪	袚.袝. 袩褉芯泻芯褎褜械胁邪	1
袗.袗. 袘褍褋褘谐懈薪邪	袝卸芯胁	1
袗.袗. 袗薪写褉械械胁褍	袠.袦. 袨褉谢芯胁褋泻芯泄-	1
袗.袧. 小邪褎芯薪芯胁芯泄	小屑懈褉薪芯胁	1
袚.袝. 袩褉芯泻芯褎褜械胁邪	啸.袚. 袚褍褉械胁懈褔邪	1
袚.袗. 袦芯谢褔邪薪芯胁邪	袩.袠. 楔邪斜邪谢泻懈薪邪	1
袝卸芯胁	袩.袠. 楔邪斜邪谢泻懈薪邪	1
袩.袠. 楔邪斜邪谢泻懈薪邪	械谐芯	1
袗.袩. 袣芯褋褌懈薪芯泄	袚.袗. 袦芯谢褔邪薪芯胁邪	1
袗.袩. 袣芯褋褌懈薪芯泄	袝卸芯胁	1
袙.袩. 袙褌芯褉芯胁邪	袩芯谢懈褌斜褞褉芯	1
袚.袝. 袩褉芯泻芯褎褜械胁邪	袠.携. 袨写褘薪褟	1
袠.携. 袨写褘薪褟	小褌邪谢懈薪	1
袚.袝. 袩褉芯泻芯褎褜械胁邪	携.袗. 肖褍褉褌懈褔械胁邪	1
小褌邪谢懈薪	携.袗. 肖褍褉褌懈褔械胁邪	1
袚.袝. 袩褉芯泻芯褎褜械胁邪	袚.袥. 楔泻谢芯胁褋泻芯谐芯	1
袚.袝. 袩褉芯泻芯褎褜械胁邪	邪褉械褋褌械	1
袚.袥. 楔泻谢芯胁褋泻芯谐芯	小褌邪谢懈薪	1
袚.袥. 楔泻谢芯胁褋泻芯谐芯	邪褉械褋褌械	1
袗.袧. 肖芯泻懈薪邪	袚.袝. 袩褉芯泻芯褎褜械胁邪	1
袗.袧. 肖芯泻懈薪邪	袝卸芯胁	1
袚.袚. 携谐芯写褘	协.小. 袚芯谢褜褑屑邪薪邪	1
小褌邪谢懈薪	协.小. 袚芯谢褜褑屑邪薪邪	1
协.小. 袚芯谢褜褑屑邪薪邪	邪褉械褋褌械	1
袚.袚. 携谐芯写褘	啸.袚. 袚褍褉械胁懈褔邪	1
袚.袚. 携谐芯写褘	袠.袗. 袦邪褋谢械薪薪懈泻芯胁邪	1
袠.袗. 袦邪褋谢械薪薪懈泻芯胁邪	小褌邪谢懈薪	1
小.袦. 袟邪泻褋邪-	懈蟹写邪薪懈懈	1
袝卸芯胁	懈蟹写邪薪懈懈	1
袚.袚. 携谐芯写褘	挟.袦. 袘芯褔邪褉芯胁邪	1
袝卸芯胁	挟.袦. 袘芯褔邪褉芯胁邪	1
袗.袨. 袗谢褜褋泻芯谐芯	袚.袗. 袦芯谢褔邪薪芯胁邪	1
袗.袨. 袗谢褜褋泻芯谐芯	袝卸芯胁	1
袚.袚. 携谐芯写褘	袛屑懈褌褉懈械胁	1
袛屑懈褌褉懈械胁	小褌邪谢懈薪	1
袚.袚. 携谐芯写褘	孝.袙. 袦械褕泻芯胁褋泻芯谐芯	1
袝卸芯胁	孝.袙. 袦械褕泻芯胁褋泻芯谐芯	1
袝卸芯胁	袠.袣. 肖械写芯褌芯胁邪	1
